SampleID,Depth_m,Rock_Density,Fault_Proximity_km,Alteration_Index,Sulfide_Content_%,Quartz_Content_%,Iron_Content_%,Gold_ppm
1,193.52465823520762,2.629593050187034,1.3085284186795298,0.672702994208898,2.859979391417964,41.49084162219537,9.72385431116733,405.03678521856364
2,475.8500101408589,2.879330663164851,1.234893995359999,0.7966813971913723,4.027161646499931,47.874852750001715,2.5857954315774934,430.85640484831833
3,368.6770314875885,3.111062085113486,4.531272902605183,0.250467898792499,3.800804648950795,78.36379145617443,13.085918450322223,693.9041963810384
4,303.3426572565479,3.0125574204866927,1.2477309992475305,0.6248740996069989,0.7694995234688684,37.20035088479137,9.196743586038622,345.21562130909047
5,86.44913381679389,3.064592803503015,1.359748630643155,0.5717459831437487,0.7462473487073695,79.5719747849737,2.3580582533543137,628.8884454692856
6,86.4373149647393,2.9611483566975023,3.7969913120898187,0.8328303767882711,1.3408718387245666,17.050754478135318,14.435070862218103,223.73473872818766
7,38.460969962417735,2.984593595162497,2.2486992122527,0.9060870604812605,1.805373631705186,72.14387497669046,7.77548195002981,614.0267202603973
8,434.4263114297182,3.0944369560957234,3.883552784775906,0.012156771477386807,2.042277907042413,77.80381064437891,1.093476778074825,611.4606183794568
9,304.54635575417234,2.67476760620143,0.3268307878219262,0.6740199190587927,3.398486084166726,24.5454122269871,9.402493566226008,299.41739668606095
10,356.95556312006227,2.8425974745501983,2.4378559683669216,0.05183579911972902,0.283402160829177,44.42772258977604,3.7979836051921536,359.2663352111958
11,20.086402204943198,2.6548466092737217,0.16806800091641316,0.5488586650773559,0.17336352113033193,23.239981973092448,12.055401778159537,290.90343925773726
12,485.2558275593772,3.191367605597653,0.3132660172767726,0.2876327290436782,1.9595528147195451,66.52833031953742,12.26733110349286,613.0542192844033
13,417.8968939922066,3.1608415377806294,4.532187266722055,0.3067765995221412,3.4858184606899023,52.82782144493254,14.684210337819929,509.9076063985541
14,114.04616423235531,2.5275987679579544,0.6962268555879758,0.3529585034523566,0.9671767147824128,60.825867736665685,7.528042965367556,522.5580682988259
15,99.09423393147931,2.993902620760982,2.6621034113760853,0.6212924490496101,3.2075224062812584,25.718957356496894,6.824353195916057,272.46170487327527
16,99.86820982818257,3.147673822190966,2.055478013003533,0.3340499656687692,1.2991406897014972,26.93966896419356,11.30213408169721,279.2404980600278
17,159.0786990501735,2.6264027415891333,1.7367166312942133,0.7326990505902804,4.4304305440675815,13.31978604079251,1.9870598451288983,170.93286417924054
18,267.13065149979656,2.897561661386841,4.499166728436363,0.4045273855738697,4.4784497213330825,35.765402815658376,8.203732706896863,361.2464795825066
19,221.65305913463672,3.140841808311629,0.1091169838774475,0.06835320030995862,1.4864360214066323,54.779572906694,8.193714001962764,526.8400311304908
20,152.70227869704053,2.5237621850100593,3.3189484308779456,0.7837598424841072,1.1499687698162027,78.63479311978631,1.3420968421558084,624.4991450730851
21,309.8079184139659,2.988194187072788,4.816972171067752,0.285758324592706,2.0565198603311563,63.354195796694455,6.269761282603704,530.3750797811446
22,78.3519917195005,2.7081443051607854,2.80084091730921,0.43276687959926263,1.2026579259007435,44.83170587198011,12.79927197850803,420.25313617175897
23,153.15087778225688,3.1470773367635716,4.684112310165459,0.6854438832219015,3.361919216458518,86.24960915153102,12.842304329919903,751.7376094740803
24,189.51730321390895,3.1797407716157577,0.26128939643011884,0.332456157148712,4.130323422741427,67.53961604606656,1.488564973795215,595.1472122666377
25,233.47429226634762,3.160986542379404,2.093966595370807,0.056585656146715624,3.365460654556085,84.41321622900401,1.3608132412174627,683.2207963700397
26,394.73622108257666,2.8319499516602247,1.3007889548102558,0.3739210470128136,4.121752236246747,52.20703786177325,3.9404321550290295,468.48770047546344
27,107.84015325759627,3.1034298556925197,3.6541048249036487,0.9444485826943034,1.9849608110373707,30.712341983451168,13.121490938309902,331.0676385290675
28,261.9748748226697,3.0911845789745493,4.906485452486233,0.6417343972985582,0.7815848535443043,14.226134909177759,1.933538776102484,132.71743196983417
29,300.2831387424008,2.723370331270279,1.282650312221239,0.6714791486672069,3.6897547369879606,68.08678811870804,10.799952039411695,616.5897320542434
30,32.760702232798884,3.080240831905474,3.2708730073703722,0.6322821536376398,1.8023725257077694,19.70423984044273,1.5174842941965483,180.2297668917527
31,307.6969774317048,2.525905344300845,0.9904881637987006,0.1989921389594368,3.3563541261456624,34.222010261757376,9.34706780621738,354.50457906536604
32,93.55682060677285,2.9173889149374372,2.8266512728580495,0.41833386410228013,1.3532197099088283,52.59767263071179,5.341009486787172,444.165055399466
33,41.87528056278696,2.661006186101392,2.319662433441681,0.7509397983633183,0.40614817403336334,55.15332702237981,11.833709444488004,488.6880929817381
34,474.9539132541333,2.584396820044095,4.860026648157685,0.10137289755315915,4.962908977438817,58.046655758970886,3.505356732380454,508.7062873514284
35,483.1596962065341,2.5538672411404466,3.042636363482333,0.27785277608971226,0.7810075396529964,23.30042642797605,9.588027440849398,235.32428885131569
36,406.11470057706595,2.9874021431146978,1.747531860434094,0.2763191084658536,4.9421049698174055,40.3789923857319,3.535238018638274,380.2941825762265
37,159.26074689495164,2.737912474637646,0.5704789244396669,0.432018927594506,4.886399662832236,59.375538169357334,10.704904246682307,570.3545741829853
38,57.859335863128095,3.007336740070133,0.7562341436746728,0.9803687409421851,3.969090519540198,87.58550917070278,13.105170518411231,787.8728770397303
39,345.2741829909569,2.54574943855926,1.1265846497561753,0.06750254668382194,3.2971148104099877,68.2104910159751,1.9020269869014006,564.8131822428344
40,225.67472193240465,2.720703236481427,1.25483330670149,0.518700994380595,2.8890352512554234,83.80830056751662,12.998935328932554,733.9807228843692
41,69.79873507394163,2.8776439046627362,4.253080289205689,0.17936468201221045,4.330507726889174,70.97696466513416,8.90362881621447,625.0374084869379
42,252.6366859545224,3.0535062153872747,2.8061139414126246,0.9706765454097441,1.4471976080974396,57.337357511392035,1.9066573630053596,470.1609278426606
43,26.850375346457014,2.723126752052449,2.616954556871832,0.1133035047274642,2.338406062424385,25.361869530907562,6.4131278303956805,251.51859373259947
44,455.5669970186032,2.9381239635059067,0.5738443593460874,0.40360100236159124,3.0969498468325094,63.334852151401044,2.4129044022764683,542.192880888497
45,136.8021909840083,3.1201844237653313,4.300698466747175,0.7378849848346062,2.0559523793474552,59.87036527679257,10.505218332998542,530.2778879943899
46,334.63591933345117,2.9311042317276135,3.6140715160424186,0.7045544280274453,2.13743227045134,58.19753363658131,11.383022016269244,525.1444335525584
47,162.73842728381138,2.6630716323275436,0.3383418095000079,0.42272863689393225,1.6514233375104221,49.18286943905926,1.5869478040919844,424.84585399050445
48,264.8333303771273,2.5170805470895767,3.539175486148843,0.34652416795271823,2.82115908342268,52.29252831914205,7.592097790419665,466.77889829430853
49,277.888036878207,3.109069211730651,2.7176910867132302,0.39761237855287057,4.25287264007558,36.755402169448324,12.219375840388757,387.78441348383797
50,100.57868320750825,2.514888587595271,0.4086267287338913,0.2642762631586393,1.0076418900315642,51.545015411384256,14.042445623264948,495.52437489716857
51,485.0964676046337,3.11229117087894,2.291503207643282,0.2053329387067998,4.672165193767207,25.80447245427826,7.70276800112655,288.2349096796346
52,389.8150834469461,2.8702559938190486,2.4234814356502348,0.48303969755889,3.4454382687411482,74.41395178883015,14.254188354171106,675.009864901122
53,470.35448136645266,3.1573473889590273,0.8288727008163788,0.2685337560676073,4.116366063400151,24.862156375896625,8.035334556840446,284.50586071632193
54,448.4654017095479,3.059148265041566,4.728490735001412,0.2874616648972501,2.780953463150058,16.79730319115731,5.91285741899862,186.83171277856596
55,302.9709896174317,3.198553877373336,4.24987685740331,0.6567560634745571,3.8975835071203173,44.89968210857259,12.723046928293432,448.79076744587036
56,461.71837516132723,2.745498270816197,3.3451116866455415,0.9685373316998922,0.08100198669733605,62.66459516048495,7.394740656871336,520.0265144711971
57,53.36132600544055,3.037031802251789,2.311477805003036,0.6036372005593751,4.091902123897676,45.01734599468331,7.078537658467845,424.56556919454164
58,106.03160258538115,2.7813516395264695,2.0588277079225428,0.07697946706496628,0.2006942954268326,32.140330556104686,7.354687341147424,285.69047990302954
59,32.16137156616365,2.835912934212736,3.2548673357547706,0.07558361385406698,4.449566881814312,54.65369471123526,12.70177502804618,520.5799468682814
60,169.41186207399952,2.939253824252859,2.7271593470345272,0.951423220845566,4.959813736193216,37.760186832976,12.479123125320783,405.24544911993524
61,200.45187194784617,3.111573979930437,0.3113655294094281,0.29729079030733363,1.470337310883889,84.62941521013065,6.052799886603168,711.7360287442463
62,142.961025569209,3.1888584284395067,2.5625132438516585,0.09206698608247543,1.0515927814289683,83.81161116828576,4.999497898057875,670.1374737816693
63,416.0813794844454,3.0377913897051627,4.032018086164197,0.5990445871503816,3.8268168192902037,50.18974559776764,7.378920360586939,457.917097995975
64,184.80913007985873,2.792436747517134,2.29619938798479,0.6236487782902661,1.265131704601266,36.230719521460685,8.591587646056634,338.85100754860537
65,147.65790974681659,2.794949901593949,0.25978288777134206,0.6485048201186882,4.327811915861018,68.97059311653112,3.5750581594199544,623.4952531150375
66,275.92108074754174,3.0163076111122242,3.9313909969201655,0.2674020278575413,0.5142129607873835,12.937035478645331,11.909326270733859,169.55538287111116
67,79.0528702376337,2.6671440020378117,1.006818910679872,0.015110684214475034,0.6297759818967913,47.9815204834921,7.297241485986343,417.43964651772535
68,403.07652056947944,2.577331879191976,1.2931041744401939,0.9650153694544719,4.895757775503078,36.90587154162668,5.010683226299394,370.22258139116894
69,46.5298154030877,2.7482355103485436,0.8235317671614795,0.2508930456911025,3.369194491350023,83.64287080820438,1.6023148944598593,687.5091950037187
70,493.57459893425346,2.7010672941578573,1.6510753243574876,0.6760262880525475,4.234436122144764,10.960242181814603,3.582677406054104,154.92047849240672
71,388.39993695536214,2.707415684319193,3.783757528443175,0.7066298698787096,1.6216468867575902,54.22519005746793,14.239217576339755,503.11047315862146
72,107.37068395174448,2.663525425734937,2.5969292975196865,0.6100074170794857,3.382418747603022,69.25308648533007,4.576495302292899,581.4076452144417
73,12.705837390565176,2.529465232745453,1.024406370753563,0.3129073942136482,2.971209136542986,48.8014390019233,2.5328893405055295,425.370480747697
74,409.5760999428687,2.5125117543133895,4.3891503907602045,0.27109625376406576,3.015750600614735,16.83224241301773,6.910091874824898,199.5380632393341
75,356.3600984853324,3.1914056728152222,4.397909274757646,0.5976682827027031,3.412662297688608,87.79691120223218,4.60631615040373,723.2984265200952
76,367.21351234008375,2.799441193615104,4.352892125230035,0.8660956336116915,2.8767958656454926,51.44083451008783,0.5273887540679123,428.1849575973981
77,387.92246987611344,2.769028653011777,1.1939810569076963,0.9467337289233956,2.1453118465133296,59.13489954552091,4.847178259191259,506.83333595121894
78,46.281879349704276,2.975753097885149,2.2561967209049403,0.10590580440375763,1.3796134719027342,28.928782616600586,8.161629359092029,278.80542479072454
79,185.64820698669357,2.652777721505545,4.924948280704376,0.15482861259771985,3.84290665456601,48.679846808544305,8.275685580299504,451.21887288353736
80,66.77583916731356,3.164972828765158,3.8600623815499517,0.9447362587830797,1.131362150015931,44.33195935666575,5.34838381765333,379.73734293760145
81,432.9206786790408,3.0504415100908866,0.1358371061277991,0.7365352283347926,3.461771530772071,15.991667360158699,6.7095413437890095,249.30136506286564
82,315.41608214550337,2.5625877016185816,0.32602295630246025,0.8829938248297731,1.1666641132466333,18.49282828379738,14.482768773521496,260.4102356797577
83,172.1400321777981,2.79230654304945,2.319656884061664,0.20263263413534316,3.1266508497722696,76.99780156950196,5.660227158454674,644.4991712580667
84,41.143591640151584,3.1153828152935157,4.546101029307801,0.5875858711094019,3.7353913356451445,29.18559617652722,3.8734021988997447,285.2158123247747
85,162.38133764067447,3.1613124156039873,2.693508989763571,0.7011395944174736,1.093569444532696,25.59666171989044,3.652005661001402,232.3109389155676
86,169.33982779310605,2.827181057874909,2.4890625401714512,0.6801118854469727,0.2997165043065414,50.39291610001114,6.866469190562013,426.7276823209714
87,367.5070273856514,2.9293879724474956,0.5273684997831529,0.4081516908666981,0.6548687149708704,71.49977050900104,11.39280223075416,623.3528061007312
88,322.40316096405445,2.616923762264453,3.2839005236214702,0.015394891691308477,3.029984836355127,14.955721486319034,3.0898227628270982,163.72087724014816
89,444.7342438624,3.1938180382958836,4.110515803001127,0.5829260568042631,4.247232031128678,56.14463357106047,10.639441907111522,526.4010369768754
90,241.38531332935514,2.6621701909684106,1.9021000375378116,0.25310153917960876,0.22498410617712183,19.53683542724587,0.3172473502412443,159.59859856347632
91,68.60118050976783,3.159912241894588,3.8780592546266375,0.45025424614289034,3.670756295208231,12.916884066049477,6.28399466975919,170.17887942610238
92,359.48994573926757,2.954752654294658,4.8223832695040585,0.9575810150838173,1.7065932297502606,14.219516172977391,11.637975978041803,193.27412446201694
93,382.78467382227973,2.9254157564152017,1.0188322956384455,0.3990353176424347,2.3926418495976125,76.7331286566753,5.080994336616471,641.8029372547023
94,285.02582680905317,2.858881957711556,2.6166481559737065,0.8398016066644267,4.644297749227828,19.437798690244925,8.456056521680992,247.59889877500268
95,387.77391817773486,2.661468868202431,1.4356897904228778,0.18854060574925113,1.6598575236792272,13.612109152983356,3.074688492388662,145.41983100264588
96,251.95984221855147,2.623569622403856,3.9642720951691968,0.6724604980250288,2.32668466969743,45.03199097143298,11.129930866892584,430.0094093648707
97,266.1390863971771,2.6543403463491226,2.8879668294057876,0.9770069544389435,0.06841207380340553,77.51947775536198,0.7841865490313943,602.0505818822512
98,219.49509899568932,2.6305067835009783,3.1729120877515187,0.10189310087293679,0.4079936000241918,30.992670119144154,12.788139673132505,305.51281295238925
99,22.455372104606642,3.0457091314967277,3.9895707980794706,0.008319942227192012,1.2929579556739201,43.73700940207331,2.972945796325022,358.15282638896826
100,62.86679922671918,2.7450876814167113,1.9798523633122744,0.43358279263261434,0.13926120410537202,13.193802605100098,13.11597047562496,171.24304260180696
101,25.400300986499783,2.5404898735943773,4.575450342035216,0.0926254830513672,3.1568766302412548,45.92628113079007,5.28793861950776,405.90798389639906
102,321.8411015192524,3.178371841098568,2.6651443362307,0.7483843496762314,2.131991784008113,56.209046450970696,10.840253617117298,508.4568999897838
103,164.03443072740006,3.118650119474398,0.78977411417674,0.9145486638485589,2.74072601364011,55.67256430017159,4.788379466792827,492.89841484944293
104,259.19963867070436,3.149426598236649,3.4794955908440124,0.43402097270875883,0.8732359294816477,36.594135373949214,13.588675068519713,358.67547736736196
105,454.7075722237856,3.196435475852505,3.9663067521912723,0.25871164215544096,1.4796601471830806,35.24265445305084,1.8995568827756153,293.64565509025294
106,132.15319228294874,2.621726674453641,1.5838083853376332,0.4344033190066098,3.3191223742636256,18.52988951492783,2.6777968390889804,193.80081291558304
107,211.08763228745858,2.7773694132318614,4.285896284993765,0.723447817850001,4.826513618151999,39.34386565170147,7.395451877382034,388.54955023173545
108,380.22005788609385,3.030766932992864,4.530716273828832,0.009054161580370979,0.252083868011046,17.95957350983717,1.229076585572192,147.11934883113804
109,122.111101090895,2.987214432637655,1.3845224368890445,0.5894539894846972,4.451921604276331,71.32767557696413,2.939702770526429,611.9624818874388
110,47.720155816108566,2.6077271344378987,4.91760736357611,0.6132916848873791,2.884406006556042,87.30194381985487,14.156495733180215,762.922837602682
111,151.97821192774634,3.0710831874934326,0.7035576402437921,0.6376882468959355,2.8195978337781185,87.60595653333655,14.647344917218307,781.0983884079329
112,88.99843075446216,2.6571084002856624,1.01007834201245,0.2420220799808772,2.501392676038802,79.2056879500315,5.643889939956329,662.9172362390314
113,465.5518496478608,2.6566723303758364,0.9211241961901306,0.7140527233781268,0.34697042952091695,58.06337194716953,13.849290315209034,525.9623118112836
114,405.9789859865643,2.8758820960253897,4.469948550039352,0.0913914863317764,0.44938425868080334,66.0692557795104,8.172370135101476,545.2702007585453
115,320.36784069010747,2.915057954389192,3.271462761624809,0.1992703364668008,3.0045600282954306,32.816464214433125,4.046136988106506,300.63463799830373
116,437.01568919198166,2.906060345486468,0.7605214161113644,0.8774700466544819,1.7047928571777915,60.46163361380965,10.53598081620898,548.2319258087384
117,403.7993176805661,2.5640407861784285,2.201617091841745,0.7387231507265664,4.586340332888403,46.451963955190195,9.883527098622858,456.8041220764476
118,101.41932885415756,3.1142226038412666,3.07649012534901,0.013745554011345251,2.032952686797361,48.561387182154604,14.836879786631,463.44266872707885
119,447.3539092600891,2.6859200298120944,0.41732042494691646,0.2483762603698002,0.7164072935132054,70.62212483001264,3.9757093111392496,581.8012470725139
120,274.27769853866886,2.590660444897963,4.412081842036693,0.21440648299316456,3.57359416751018,32.55346844778013,10.080892539926031,336.63805057912833
121,405.64567603039063,3.1221236559082843,4.018017677207676,0.2708063280369726,1.4667671072050492,35.44316893556159,0.7803563254417034,294.318445629222
122,449.08473696251167,3.1689560487608275,2.526033867883191,0.2475597702798864,2.6273515367794658,83.97134329029093,1.7046905804507912,669.8129562814005
123,165.8217027362133,3.1034893320858155,4.835633076295852,0.06252629574284574,3.4891639275258504,14.49794358807778,0.05877562426639893,146.42841454381818
124,63.92544301856161,3.066661252307415,2.0888048963754984,0.45894051659682034,4.501320556010352,48.85074387306723,14.991910215895096,497.1938462507983
125,121.68822964555143,2.9586693864473155,4.920551595182489,0.7327334747861651,3.9609559740083804,83.02406403262894,12.034105457212167,733.891234414703
126,219.2828164268656,2.8856001594263976,3.339599994018135,0.6067317247174364,3.3818053393636207,58.82904062545256,11.800845221003112,542.6451504711852
127,410.8272353020216,2.560890731937987,3.173356366269707,0.6728716685980798,3.3981659119757177,53.71256593697056,7.645891129322695,479.9488668131608
128,431.7579857956083,2.785917249149489,0.829774476478925,0.08114917853623915,4.729623220160432,29.979534338348415,4.501006243581599,311.63331592549645
129,13.406543960283445,2.76088196190862,4.40963879152322,0.9514907101767872,1.4791204874826802,37.46203912515586,2.268964266940139,321.2561441143538
130,260.2661782630072,2.6818276486322286,2.1374484396030757,0.8384918338430248,0.005560470980937038,78.16387326437544,4.270121082696955,618.1401413722142
131,214.5313915429017,3.0063940795820097,0.8111670289123968,0.8050903184956627,1.3597727969909934,54.73745054147665,5.639568328937087,472.9040829904083
132,118.83282713065782,2.8471130145551395,0.0630375998787952,0.8229838050417675,1.08945689813372,51.17937550054239,11.344651454704412,539.5405011243897
133,68.73402999350458,2.5567323511353535,2.7987784181919126,0.9327105081327614,3.3091729255699907,17.966377083202314,8.094926833547285,224.92075173151372
134,175.4314339877777,2.654128241364868,2.6369981106133817,0.5442539661136977,3.1685579988276453,11.28225251640985,1.1622543983322404,134.0289525423468
135,472.0257549171344,2.9782811345617173,3.596768111845793,0.2002820178676259,2.967306913523619,87.09481509496393,0.2704351343836836,689.2788554944005
136,168.36943669017006,2.55329160164321,4.4512902650890105,0.6167836078525412,0.0812172160472685,40.15889338294733,1.5349826930109471,318.7885920952571
137,264.2074046542494,3.0958448398341383,0.3970329232151476,0.742881493667939,3.6438902722532376,58.25704496796035,6.15748070546069,536.4891994539421
138,354.4792898586372,2.8466025689097822,3.657482451701812,0.7379173933540254,1.6176520624274575,16.377205854982797,13.997893755735275,221.971447842154
139,188.17850516585406,2.8364106041286536,0.9370597204879111,0.5214490241668801,3.3252799450331554,64.64914285784373,9.561037218138324,581.4691002501564
140,486.17322053327075,2.9146854492616625,4.290885265785819,0.06845871933357806,2.7828921425107667,84.60533669647687,12.027388498132726,724.4359466499009
141,481.5991745216345,3.0772766761476045,4.09531756930828,0.3711129384301278,1.7136546271395359,56.053220239793575,6.995618917568228,481.23534400887354
142,133.37332495442843,2.7434664455315354,2.7039687749277217,0.9207666084633573,0.6728813355205387,20.089225790032845,5.424991247925642,198.13708286439572
143,253.65176788726887,2.9746113067913447,3.5512139931165576,0.584448909757426,0.47209448830240475,56.53772219787814,1.626005590749341,448.9284666548271
144,157.43037181021714,2.8960123747970536,1.5717505659187418,0.5383319432557134,4.157591665561117,71.30777704837219,13.138995332793074,653.6282678316848
145,149.57184224495913,2.686919789118595,2.3558394946640733,0.2688535143821935,4.59198771040779,42.51332292592149,11.747400435418543,431.20889557329866
146,28.07460420372107,3.1150409904486107,4.108184488552358,0.3684489199165789,3.248940233821498,80.38701983531743,2.5217714639658766,652.9829451290346
147,308.68652365014947,3.05819821512485,2.2963259858660696,0.8953460891531693,0.5171705743024169,61.89463626858916,7.683908458143907,522.0016703397758
148,256.3127213821421,2.960916284260898,1.788991326627209,0.6664630475268357,2.0101360844412035,81.93991346313621,7.3106221188186735,681.5480788132946
149,35.224588112494786,3.0954072103659693,2.4710622362514996,0.7873870267523329,3.6446960005257862,59.88042489978697,9.376373290297929,544.3304481667205
150,146.5367674759396,3.107105940671862,4.141246262186092,0.45434542306765513,3.8991044200503406,20.503037760385936,14.192803409868919,268.3799277348518
151,455.05028412366033,2.9958540837005243,1.6760402368543637,0.6302472194561579,0.591093111455443,34.775336888415126,8.696571626437194,324.94822710732745
152,127.38532642681649,3.0859093298545703,0.868807965678719,0.24838360874320753,0.00015359422691207936,26.143595860196555,8.103259001679278,253.45321371090176
153,80.99848732469931,2.988230023168499,3.5600701016539036,0.7054608302834863,3.560685229403025,82.70611981734899,0.7548439940199592,666.7472656036109
154,249.83185253600587,2.9760985402322104,4.129891063540409,0.4276013337033373,1.7829808799310283,70.83200538299862,0.943612140270359,563.7067872210918
155,492.9687225141943,2.933027964750629,0.5031873926176667,0.4425455148147456,1.2724066580913012,64.11186951280048,2.8102018699018334,537.7677495799428
156,128.6070830406352,3.026901647690349,1.1993705637797236,0.6493223245768817,0.0644873489476272,34.07730557052973,0.4870615753762242,274.9038297670458
157,339.3464182288805,2.6110235737051517,0.7098599488049695,0.9362806214689267,2.7014970338074984,24.723581764017084,11.150293433550186,291.7233368228664
158,383.1936115110716,3.11660953143925,1.7397070579108331,0.06400634660862092,4.255753677129909,70.51608703911295,10.849954559909447,638.7742612907166
159,126.44239655627584,3.1102904694216624,2.251754894527063,0.8247432373470076,4.78815823136294,47.93263567032638,2.040843516474644,428.5444759651716
160,366.8260108198112,2.5204730981241914,3.7441316848165322,0.2923831104121931,2.828724753066446,28.063164172050328,12.541183511929214,307.69624342716236
161,190.21373503243407,3.078071725395334,3.2557379244083706,0.4439194545063778,2.572306638699471,59.32975825322201,2.3217905226916797,490.8547568565165
162,319.82985699085395,2.590208907231412,3.1046428373921557,0.021913328775008956,0.4252819274462055,13.226708171076158,4.517633804960382,132.8669033803504
163,320.4295582728384,2.7345831979813995,1.761874733048272,0.30104607783431303,2.7443640077129987,36.09362033026028,3.7346534874204753,327.2782174929556
164,272.52959519663165,3.0204557794041254,4.2072377654238,0.5026312426301305,1.8998953948269732,47.48455956729077,5.584606478595717,410.0055992276606
165,54.241987326660066,2.6125319272338157,2.3564358369908227,0.05617607734743901,3.0356764044178846,21.83666672875247,3.819956488349428,217.0701233693412
166,419.2982228387266,3.0725769168833437,4.8955246900757725,0.49109572938316515,1.9436317393827336,88.77235820726716,7.334263896576781,728.6417730590249
167,167.18223183615055,3.0824939245704197,3.1707106914786842,0.9271106288584273,1.2014956172518336,26.727789167169142,6.111118220320281,254.1377466028009
168,101.39407009592857,2.8552274136325853,0.6313237078225137,0.10539321810780522,0.4748263761418825,20.42825040346124,14.798542361689899,250.24356161089167
169,29.97981936183432,2.5044701102017837,3.3808878103771702,0.7644407280755043,1.5745922229444786,26.282789910951713,0.838895251923385,227.3297710161854
170,299.5375421622385,2.700926693222439,1.625520077158495,0.40967105337599263,0.4832241714387614,71.52489065277794,2.1327206458102745,560.3019893739963
171,342.00653730271836,2.93184884286302,3.4316359834304873,0.655173714524338,0.8844847541199197,44.04045274174742,0.7923884086290373,355.7262269817267
172,18.128036174649516,3.1868303246191965,0.3482057408120287,0.26023659798522936,4.93668079289773,55.23327518020304,9.387617924735636,540.3118566475266
173,260.9255985666477,2.942269468911668,0.8744071858797969,0.1594922625413583,2.2205177845330932,11.68073255890886,0.8176391612057937,125.80491886938236
174,120.98292984698959,2.681862506744912,4.2786862945289315,0.16046261427122643,2.6593588325250828,12.754504685865165,12.54659606064185,189.1491884957699
175,326.13466730063044,2.943803992169728,1.1358977851175744,0.07049194564314465,4.368092643686077,45.66604398616129,7.679079460228917,435.54270547394407
176,95.43955021244581,2.877989765801099,4.1852056262147,0.18564670490124302,4.977844502453439,75.33241945612988,7.905114368723006,655.6295552147642
177,348.55949167020833,3.0458917766058007,1.396380442272052,0.6642193849889683,2.9135722467234078,80.81911029660522,8.423917615682914,693.0719212989089
178,199.50031968726333,2.574886447178871,3.214409550293538,0.881690611843508,4.062369105220858,16.936525407651217,2.562205594593161,190.9775989876768
179,468.99769448099994,3.03271953175142,3.4707528675491552,0.8141256855911618,1.6347051216833763,53.06904816808182,2.9653545467173132,444.26630035049436
180,77.38526263153669,2.8788866050732773,2.5632737657252647,0.6851343098744841,1.5287197872364555,83.05837490234164,4.78225984309507,674.7928321607471
181,177.12251201462666,3.1740944027012965,1.5265533834836564,0.11043186341110267,2.013518604972801,41.03782035183091,8.902446237327771,380.4486205167291
182,65.60202540788865,2.7393105162270803,1.0632218818554806,0.28918744629594983,3.3625363133682455,76.36526651426949,3.1517666391032177,634.3463220804318
183,463.09987295649574,2.942835325193764,0.1659467728121311,0.309806875322469,3.410958446275494,20.695652351954898,1.7449759069989184,247.95264990299194
184,439.8962831566807,3.1524196738570125,1.519732006203619,0.24995694639762123,1.576197173247254,84.8315591734239,14.551753296276482,736.2112495438963
185,136.39139758042626,2.5717568095934755,3.265813952656415,0.5150056597097231,0.6660496206831434,70.11386540250422,0.3297272221443437,543.012395483202
186,333.39218255674774,3.156059941065516,4.691524092242413,0.5355538148796726,3.1619812823275426,85.30675142295213,12.040461080040325,739.1677002081457
187,410.43887809859575,2.9815200056105695,4.35602241131526,0.3568859751711102,0.6416293109438226,64.12937868420052,11.820527243625332,552.9922146203295
188,282.04839768373654,2.5474859413736204,3.830323882676513,0.353789158736436,2.8924625411466502,39.07231455995416,4.45821170767644,349.78628116962227
189,269.52878339444317,2.7106744968627714,3.9422367162664935,0.8285555979060814,3.467110640281545,85.0544938019778,2.034399240109701,693.461779915847
190,128.50762254122134,2.9957204620516973,3.3249245173799764,0.7892928483196856,3.503057481972258,32.045342104734274,2.1844297005813513,293.70245595118706
191,55.620356224890614,2.5471454210281403,1.301434287830015,0.30779583168074565,3.7673605532979835,36.5738017649386,10.461474258557887,378.3176418505408
192,449.6357213971301,2.9075193221233913,4.535975153529149,0.9137884438732593,4.364297107828323,66.06467344013922,9.642098866292605,599.7813960024312
193,451.2048480100319,2.74211813986707,3.3536615595291703,0.952815017002506,2.499794959823942,71.22530396203089,11.7411851137708,629.5052974146602
194,320.2197140639013,2.934640862437234,2.8022031549022,0.32674254203004083,3.651245947647856,84.3522787079323,14.06221758598657,750.853171476173
195,176.12459761386333,2.532019423668759,0.5549473460674054,0.35442494879305486,3.0958636768291834,26.38419272449676,10.37891044899888,303.5666493170154
196,181.11269156020384,3.1100757643066634,2.235277719032127,0.5056341534219588,0.9331996989884128,73.83984281753791,2.337773048271652,583.1838757037041
197,365.71828264641726,3.181442278424178,2.3017913560096313,0.9411208125336735,0.12844822434704084,69.08368427175708,3.65163925148116,554.0130766930819
198,449.5840273767628,3.178214498699984,4.3228180476133495,0.8763194331423115,1.422706928384669,15.10356450028783,12.632905963096718,203.06497269775795
199,444.6723478899075,3.0247562822200473,2.733241100938942,0.1025679625835898,2.215168531688097,40.97785129681655,3.1395911375131287,351.4214926567159
200,392.1390174702357,2.5910603680914424,1.9020027448520482,0.3927307432714162,3.0855297221432814,32.62123656480789,1.087834754317221,290.28600728319304
201,324.595506615601,3.030784237150316,4.884001642553296,0.5533711897497718,4.249796652516027,34.359233948322434,10.549200810633756,361.8963098687068
202,51.228582847573925,2.517210841521161,0.5536029666315784,0.50313247255154,0.9812285835308282,88.63575036437607,6.0378953323521305,728.498191591266
203,89.19806990636074,2.515486486070298,2.112742141559723,0.19386306793689267,0.6277489494923855,61.42219307839423,13.800600788188554,544.7019879276586
204,450.2915523782688,2.726527153404679,0.21012337585702645,0.8588167711681547,4.8173997373716375,67.41409262347997,9.753826066404923,647.6447196789376
205,307.15023923319904,2.842050233283266,3.6995206038346518,0.6769407829968374,0.5402227968820356,88.12941098520074,1.3562846668749113,682.362009173967
206,14.506555292148526,3.0392851924654556,4.5903827609957535,0.8379083748518036,2.392455350535946,40.17614259661109,14.217848508804911,411.14573144837175
207,59.72105600435573,2.9783067636245537,1.4001866477524472,0.8587642793494722,2.9278186439665093,74.14721347622448,3.8783589546036885,620.2422304564174
208,335.11586686294737,2.812131894463724,4.291708383995604,0.7483558536657398,2.706872104537191,44.76247706435963,5.058187356094287,397.2152663457129
209,12.480176084647157,2.6915386663971663,1.4610911523094887,0.43921060124971734,0.430160785164716,79.56269374519837,6.033906205253131,643.0656601486742
210,88.79594519457434,3.1979871501103982,4.553850808219576,0.6105467550154245,0.28513457001809683,24.452603304904255,0.7683644460646988,196.5051775241809
211,278.8795567896272,2.798326911565181,3.7698095179839197,0.16036540611974315,0.5274171373051784,85.81489416514236,7.447731333459073,686.5596247630202
212,349.0286468694197,2.8159709170307727,4.024533884207193,0.6736454174749077,2.9279384193630626,27.501736672870372,1.8497773661293837,254.1115074801071
213,329.46101715627424,2.6145366748341683,0.0900327780022725,0.17925325573928075,2.7217244381716057,36.097640558474524,6.014554900325276,395.8798307732442
214,119.89196163567429,3.0563666841249506,4.81405178537013,0.6939495905101568,1.1687039601837212,70.49537872854245,5.260646819881265,576.1251849133097
215,358.96781846029256,2.985577558047042,3.633354960351616,0.22959816075396866,3.188870709227958,41.500411325232534,11.59260125139755,406.4731077925111
216,126.25205287343204,2.6545387289521325,1.5237554769306665,0.11755130015021997,4.100337510278247,58.656910141315734,12.047557674490967,550.1670798163616
217,169.44585209804117,2.5576667319310897,4.146973324294235,0.16528449014295743,0.20789479923296883,45.565880085554284,2.3011932358363203,362.00015003573174
218,375.78078850783186,2.976349511452299,1.4076059920746498,0.001992135219070268,2.490649717740212,69.38959496718255,5.498267810688393,580.7633887849327
219,328.3201205331352,2.9581578499967947,4.363769197830639,0.7187396178535302,3.4465520605134516,28.266500189488866,5.600297415477476,283.3204969200222
220,426.1194711421472,2.6912816688987466,0.5629019520596851,0.7324010490583791,1.2615596353484353,14.67663897895016,2.2711566590412757,159.67612175884148
221,332.23031722716826,3.1656044935752874,3.518429887303979,0.5149333499132595,1.5388545264657454,33.9943517978453,11.976802575767858,340.0077653031499
222,288.4712156343811,2.60574052424663,2.7034923832245514,0.1613628010553837,3.068189514946919,47.94469318947442,10.608424925031349,452.22289777560087
223,55.90063623576531,2.8026343607298214,0.48267235097720407,0.08355433751068975,4.489676467218684,23.441604175414284,2.8557267944555207,256.1074382938782
224,190.18074349912243,3.1605311441173196,1.209469141294195,0.01912896643728701,4.049622101514497,38.383783172511095,5.500828628906985,365.8399015063787
225,139.94916016404548,2.7938091218482857,0.06202018138657395,0.1657481769652207,2.9156510954979176,41.998641463485484,1.5870753728477132,431.6022518757278
226,129.55492525575096,2.94696816336486,2.343839827322529,0.8908555349831467,3.6511085887862462,14.591347495061884,9.423098956395659,205.13828577701636
227,486.7751718286983,2.778316078573956,1.5063263038000019,0.24153684170168177,1.8241123510389934,56.66457985473636,1.820578868229295,462.57655163926137
228,202.6178850867126,2.6919506416440693,2.991787421488794,0.35427132721721566,3.2048276404937885,80.747474237703,14.789012529373768,716.2782859654603
229,447.1028120367855,3.18878435357188,1.486189038543086,0.10534548448133318,2.3309079556377847,22.139433036244192,11.710231120317935,253.31301882470527
230,319.2579267386588,2.78653380442053,1.4995955575349234,0.22236130474817029,0.9496806822878046,57.824641072121125,5.853578243759926,483.2366996779539
231,399.45753873540775,3.1258694425753943,3.715965993658017,0.5192245707802051,3.508691369386286,63.179136392867704,8.678458984190316,560.0354240379767
232,256.2921756215442,2.6609682241237604,0.24071417989176724,0.6077526830956526,2.78232318674411,43.546774433543064,13.670127243246132,465.963839563459
233,292.68290346691595,2.6491732928175584,4.514474975959936,0.24535231416621106,1.793107909767957,66.0878069891416,8.311489205937391,560.2907031189754
234,251.33366997124332,2.521793858019158,4.261319371955907,0.05773215922511721,4.556695950393154,42.85852347928096,2.6174772959693278,381.60371377632254
235,105.6690640210418,2.9561667777631198,3.3390234161320325,0.39103286912739865,0.10467058913366634,50.370983038194794,5.68055033371739,414.7332771828307
236,364.0015364781376,2.757968440606633,2.9661078505369214,0.23420337092633414,1.5788657562474802,10.588243564354158,12.64717297544618,162.40270869133218
237,147.57845759601935,3.1050507748877463,4.4615124906982615,0.21955392322980194,0.2844069888882328,65.3376091307751,9.663195239844269,548.9435699144134
238,21.914823551412383,2.8312469346840903,0.9266508976435722,0.9598628027134553,3.8326365811081358,62.90741431557795,9.760865765007004,578.2167003919772
239,326.28142499451224,3.1777353995403055,0.39484581095414306,0.6163004859257241,3.510537270568963,13.072070186107565,13.002322285327338,229.2046159061044
240,96.78423290945398,2.629867860992185,1.1975508495476905,0.5568784431720959,1.656761093681585,39.460008591610645,13.40959586193757,392.7345627530727
241,470.82470633292803,3.1080362175689276,3.9728913935009516,0.4157751035233219,3.378314511035365,88.32254726333339,13.796888576691545,773.5649557593064
242,477.4250027312678,3.0436177969542193,0.17335133363241662,0.42894433343014426,1.9796861309797493,43.658925005489344,1.4227378987973416,403.7182157606222
243,458.2835512080198,3.0396452912508365,2.914034175417448,0.5409050038380808,3.7812689571121716,50.15563241054734,8.161890029446514,463.3192514336244
244,191.37776312516775,3.0913482596818214,4.977187580956549,0.6964298070361072,2.2709183136835303,82.79441265277748,11.10764281827478,710.3641767584437
245,17.57374209914504,3.032716793660099,4.278480469187697,0.7021460961818294,2.0613986391583277,67.3809500692605,11.353902676905207,592.9450163792945
246,464.87609566798545,2.9383542251419907,2.607228445217947,0.17169390770544957,4.6736495774415046,56.56561048993788,9.100743029550058,523.8605183030998
247,219.81023267548403,2.591871414377671,0.3182045464332117,0.500112752076627,1.2543954994535012,73.8243745072858,2.5018100277551127,611.6866133025759
248,483.6608613313981,2.5227683256438764,4.156867571928549,0.41195809503410197,0.6022366999828271,79.14930131647786,11.961308309124965,663.7053634667928
249,482.1737887737339,3.144593493470981,2.9948925408860525,0.8705269662693842,2.922715566297291,46.55104573898135,10.801670002724185,445.33729499440756
250,427.97463317900645,2.931655220164517,0.5746649852978342,0.6314189212183764,4.846609061420894,48.00866919454683,1.2920365732355443,439.20715879952604
251,154.279957114097,3.0575761036833233,0.469286424116781,0.5325040664159818,1.8891960686359333,40.88407485214687,6.957147370115644,388.87568148991664
252,198.69788701494338,2.837065646058785,4.548134097182962,0.11539464217891737,0.3101838181439076,87.33649120147685,2.6096609928270538,674.8822456516403
253,427.05696904325987,2.5821157322736763,3.346001314690392,0.6056378893234114,1.6965263365478371,65.77330034322803,5.062155685694578,545.6813973242936
254,165.29178252657604,2.587630054541785,4.146433996583777,0.11720390568023342,2.529658271597792,16.65784529664578,0.2712163830852815,152.48549234984674
255,93.05144587618531,2.97989570106028,4.394894501411336,0.33720657556575206,0.8096150331610685,79.03676986504148,6.004948026161373,640.8796993786582
256,282.8326186045916,2.801214126429624,2.858861760241611,0.14284196481433187,3.29051109028246,48.444795266901444,8.248153817343157,442.82399368718933
257,468.7158393387827,2.6403673086902355,2.5872317587752063,0.6920736470243689,4.988746945051003,15.500312513798997,9.293738892406303,225.5866899834016
258,351.05460037073675,2.844116182719006,2.152137051604951,0.2062521138361526,2.258697379907219,53.977380413064886,9.95235517693065,483.1339268140528
259,289.3299733437888,2.5449462559525937,1.5847329389555964,0.391859373188026,1.7736427836510633,43.37314231805617,12.544369696536899,417.72825260270497
260,57.61648194767658,2.907379981340079,2.1729798042935586,0.8956747776187787,2.003520834172333,80.21995238900999,3.2319436091359504,649.7803167359968
261,311.35354108259315,2.6882953831045686,3.869398278650782,0.2043163833989703,0.5757308919760057,26.31956828875099,1.8072273365770193,218.30260668926917
262,495.126386551089,3.0582913704460317,3.0096171550756576,0.5078050639587791,4.416368007131119,76.11716875937464,12.773057578468885,687.3037016523404
263,78.64116746589677,2.7172533712465015,4.462616449774231,0.419271661166022,2.0741282776067598,54.615095294836216,2.3491922233897484,449.1539939273336
264,263.981529658231,2.818654104357261,2.216900071895939,0.018124041045729733,1.9363720571242067,14.368824257077524,14.62140122004293,207.2281062003775
265,439.9128052446982,2.5081343779356704,3.03544789359377,0.7927581135728128,3.2984513646523714,87.74762410603877,12.638073440979555,763.7425735291804
266,372.97662269956015,2.5507128214561914,3.1565377654599436,0.06904590631459973,2.2101671046556177,51.009219528256,7.5131490883439875,445.40984075003945
267,351.5377130876813,2.7747454894846793,2.9584858115316277,0.4742550209769536,3.2411673440392303,33.270148338526596,14.721321373830378,365.30276419716
268,354.21720115368356,2.8359571843019866,3.5131688654275814,0.5606782949389499,0.30723145065393753,47.55254735914065,1.460650936620063,380.2965432396357
269,186.15066409768002,2.9200143836835126,1.1871673418740314,0.6284264566145871,4.068616718611137,78.62862268139912,4.545986417626525,668.8768327341827
270,153.86000368960174,2.7041638050965124,2.561818887728953,0.6886316293078756,4.702519764397013,34.39224995080508,9.573366225609172,365.6308161643675
271,406.5869661844717,2.98648732028858,0.5211240140417384,0.2532723835227151,3.2438269307969296,25.414111718936027,5.250103027097682,271.75047609353015
272,406.9555633927986,3.1020856780324433,1.9225566382240626,0.009978776658449373,4.772829644294053,20.325699754470516,13.925588279711878,279.9758178352148
273,434.8654361042508,3.045895692225345,2.438335343106322,0.723443662354912,0.7571615718498165,33.8287518712169,0.9843913226672635,274.8851633228086
274,457.4878707526709,2.52773317774385,3.2611212977273625,0.5356565993475786,2.3870809474017687,72.40384696320348,8.241177480914468,617.3812595925249
275,260.5577754418595,2.8363548630804805,4.752655262931017,0.8361177032072488,3.0090336697272364,47.730109215620935,8.862994010926718,440.0862404061767
276,255.74298439672782,2.5734511248927223,3.0032553327417792,0.8213883629006943,2.9086832371059335,28.1985282954832,9.790921856658361,296.7786472897889
277,401.16463769371984,2.6694315111037694,3.717969580882799,0.8433261677878832,2.0073088954452163,23.294799968779934,3.8349933499772164,226.27366548523915
278,328.48232608110493,3.1906638152870026,2.5313302974760137,0.48509465997954015,1.690422046831307,36.61835812083033,5.4684964127979665,328.77995480689896
279,353.96376985627467,2.5997468800310592,3.170520156881657,0.33362839583686565,0.634120112752094,85.19394983085671,12.655207944974665,715.1745826140497
280,399.93840802368953,2.8492217074159494,0.35466108066886715,0.79155820259137,1.958712252811391,37.44213700720195,2.9241415345523976,350.23252874265876
281,446.1026174906075,2.9327090140226835,1.271957904209235,0.45129411302925493,0.8133040755274257,89.04992607637082,12.40301770760043,757.8543646978559
282,175.61762685725253,2.991725479380873,1.8092654660256935,0.1834421964034345,3.6718283824610918,48.818436461228494,8.439831343541137,452.94911585814594
283,194.03564679357257,2.89175407844084,2.362466775032568,0.8549740195614743,1.04415467747295,24.333113463212072,11.432812667911232,264.7757969678095
284,56.05115052202581,2.5068395931934284,0.22824372751191868,0.8825598767723473,0.29282652642266926,81.29120734348075,10.704110493952074,711.8288414339372
285,293.35726908812524,2.728522915770794,0.7001204877665884,0.4663097561401701,2.7618306890861715,46.82842985078615,3.112672430773185,415.28808887591
286,27.611714160403622,2.862398150369298,1.3840715389565288,0.07569972730978747,2.976148663597008,66.77370748036196,8.532191046508093,582.1033060500176
287,238.14302888490548,2.5615065494013836,4.8576634545052535,0.38782608991693124,4.359565306402527,88.69692665673215,13.015847292076385,779.5013204150541
288,275.8958710067125,2.7454388518464268,1.6567350355152537,0.8035376594626034,2.8849080620884093,14.01402802559792,6.48174355202894,185.16971215553914
289,150.40521354285937,2.5232421761539565,2.4102052905604125,0.9017740285462287,1.7274042686172286,17.735564783005373,14.498861553349752,239.1698928976802
290,299.50829767881527,2.5550049480085146,0.9804885636919647,0.20347274249759584,4.015059407631602,67.63653931702049,6.783226501525771,595.2344712908482
291,24.94512247013422,2.7778462933411174,3.0539003553788415,0.06697361202527152,2.7013944659371054,32.54600026363776,2.1417845500182704,282.03524260550034
292,28.300612487115064,2.592901027830142,1.4034160775798714,0.8773504531328387,0.3964014231559587,24.744111756007925,5.841520201165099,235.28898263630995
293,413.0742747232325,2.8972785937830907,1.0349628921921339,0.3894049389788753,2.8292528015662333,13.14895038557836,14.275536095858058,218.61309197173247
294,186.4934142915188,2.982625478396086,2.582863142229895,0.5417609642675633,4.540092727108312,11.747736958896144,4.795812740097814,167.13017358475554
295,72.25965119942354,3.0604106893763583,0.027528995802104106,0.9680658120507589,1.9815631274911027,71.95884824958327,13.021472398005942,734.586623662423
296,265.89919742685413,2.640105170971367,0.03832016324612664,0.06656472791422285,1.4816290094990003,20.754674189564,13.218760225228348,330.50846289466836
297,387.2968410183193,2.6172378075813487,1.0953440455092889,0.6483180074520956,0.7173472850901003,47.41764927769207,5.252797864979416,406.4610567739403
298,115.75230347345315,2.5731974882340802,0.1836068125041057,0.07410542257486707,0.7572276096767866,58.47174521435864,1.2488648707594818,495.53003108732594
299,315.21633315131015,2.9455011746805457,0.5401287706534569,0.3754689284665004,2.1638574217090945,44.2681440455077,10.868368637382273,426.4186953484236
300,51.82025784694632,2.994533008540831,1.694303246693758,0.8038145451934468,2.978399120807648,12.168532186898648,4.672684485209791,160.87902999437458
301,35.32404337261777,2.5221103013779493,4.012928397899064,0.4334722327556344,0.40307702584800875,72.6801202070327,11.743854213863585,613.7330001621908
302,270.3637694683925,3.155348572370583,2.860243216846504,0.9971823539029504,4.697842945125829,10.841057963332279,6.639822723906496,176.05065369904403
303,274.9112095889522,2.5363798985560306,2.563338629782082,0.5590592849466022,3.77566808722598,70.95119155019873,7.279001135139324,614.0880544915377
304,322.3406517341212,2.8789074347107495,1.4674441160406082,0.3211621526359535,2.9331195914183135,81.46435950304982,11.668641101228053,709.3284736783834
305,365.78475352410413,2.9963423636156414,4.658768597164082,0.22011132590475313,4.142193354694954,44.62719368457378,5.735449965924419,409.712049303264
306,488.16751893664195,3.10967838662226,1.9850752061859582,0.3505205342861618,0.40093378406056646,52.84339784782386,6.646910179843718,443.6169741477708
307,262.9871706675857,2.9998608524926995,0.43546383397885746,0.3725332737595508,2.384194388665622,48.1586714094123,5.642857031544332,438.1051402922799
308,168.24867174121053,3.0612096581488544,3.0853325805890064,0.06871367772396098,3.150465634308317,41.1366894898751,5.510107729159199,374.61510417644075
309,399.6412354366648,2.7376151347799644,0.569191967383007,0.36957419942677316,4.143264530591447,80.99396282962883,7.889198653521891,709.5270361518634
310,142.70780311841636,3.0703775796225585,1.7261157140084604,0.4642385197392249,3.9173478002463384,81.51468085359924,12.13199166751726,719.3669121375497
311,225.0959961457617,2.5560803924692728,2.537059693589044,0.7227377522388047,1.3853462485669983,36.865309171322764,5.426524678838488,329.2474776613685
312,48.44362685771032,3.1263716592423694,4.371112623425879,0.656729484721608,4.7044008477960215,59.20558032117584,7.86382080806605,539.9378603605304
313,22.42186427357418,2.8833146633076154,2.467732901700593,0.7087656552291542,0.6217292071543518,84.15260497166913,10.060909881639013,700.1567975132399
314,481.6977231921833,3.072108438973746,3.5112938301583214,0.008363681876857099,4.3756680931057605,86.96467991530812,4.041591694554826,722.479362163901
315,419.63025905098084,2.8166227991628103,4.964084194995352,0.21766739958053605,4.854701248023093,50.7167232337638,4.162842073535888,453.9206737315764
316,351.027360985912,2.9505043866375678,0.6574455994899081,0.6616842883998565,0.8857676161131278,46.225984422746144,14.001196905351822,448.45318626541166
317,210.38694276299225,2.8684818626552793,1.3736576275975976,0.48398936817974714,3.6103303210189264,32.29554527428206,10.85301859996633,343.72445985659454
318,94.91421683471442,3.0121126652287327,1.972880377988232,0.005313475668345946,0.20142759388999232,86.7097498552328,8.657800143349633,703.4030285676725
319,86.65415090883216,2.5571409874214126,2.109140892694157,0.8044946424318223,2.0271141256957748,21.42514435782939,9.71580081630918,243.66764312618713
320,132.6190201006517,2.542246458793395,2.0551053763277287,0.7728095732903374,2.5814164959883703,56.386366083818004,0.4394916465512755,463.63500933881824
321,279.12106570599906,2.6729722638071025,4.538055012782775,0.5484191629935626,2.9032261295481705,32.60402140149111,9.271544483425453,324.3079311345924
322,360.15200212303057,2.611681276079232,3.570163222334282,0.06646332577627212,4.6796862412427975,32.32066322782373,7.642633098363029,334.3881474233133
323,333.4967145916883,3.1102484966145414,3.039526070453519,0.7665150495325846,3.3612534364709736,42.397486990095075,8.186245196691535,401.73114382850207
324,147.16760950351198,2.653449791150631,1.5468635893139104,0.583713587731364,2.406389756096185,89.90343486525236,5.391357402462257,737.5749569056475
325,477.8839875249651,3.183105679073392,4.118951921106474,0.7819599771579592,4.048375181329447,14.397304547185765,1.2221084656941283,166.08362913562195
326,371.56948918092655,2.735827054239775,4.775302557424944,0.7517469923958404,4.752664104772045,56.28334545628252,2.9000885041807827,491.8538923106485
327,281.63348573058636,2.6274825409820894,4.105991412751132,0.8030020719578371,0.11033074341145421,16.605772642822174,14.261170698190076,204.98509857362086
328,309.7431656548326,3.052788954999736,0.00782552595736452,0.5180080664046248,4.912606361280194,22.361666399241518,6.130493434064009,364.36732724140836
329,215.60403058961705,2.9610954428506133,3.182006850917035,0.140324518193515,0.4306606953184017,45.165035341831896,7.000247337462962,384.72257669824825
330,131.38818485556715,2.8487370015171973,0.2556769072105036,0.6711574733796887,4.071933896343807,50.836810507715306,0.7906468478015849,466.7518771873751
331,184.42661253911817,2.888754485656342,1.2880361016686093,0.6204737850519706,1.4016737627570626,30.70339266916192,0.5634934431597088,268.2014221995838
332,381.34459412754086,3.0034412447905847,0.29762350173885843,0.7422531871990872,0.6608982887693587,35.31657046995329,10.757721705701366,362.1555424845991
333,17.052809428580375,2.659918318931909,3.0189772647469386,0.1698810060507353,2.1992781985691745,16.957361620474643,8.07141996181667,193.67069115080136
334,66.87559384838895,3.1974337412397196,3.4329495674630337,0.19497519990028922,3.2197828972380678,34.25758270754004,7.630589763244,331.71339846896603
335,32.54129459065885,3.182355213502748,0.5724381903295256,0.8904095172193285,1.904759225117375,87.32467515044353,3.64686795634003,720.3454992418194
336,29.957113136295366,2.955227980442856,1.9191944152248974,0.7499777984520708,0.2728270414134948,85.57659053379854,11.171260974448833,713.3204770102988
337,429.17568616539353,2.6396797156504017,2.2811825447777103,0.9082284887003229,2.997305698293583,36.7902632109588,2.523548686627378,334.0858395091671
338,354.7923510962116,2.976159769701904,1.845265108804583,0.7587153211639207,4.512016380553374,55.66831490230093,2.8490211549153006,488.94752027616704
339,242.34517625278934,2.5505388862854232,0.6051250024259652,0.5971553059903019,1.9160768297362585,82.76763128887555,6.910682570224132,695.4276856283818
340,57.93873871899073,2.5214567515440645,2.0947389509373773,0.6541327370278737,1.0816638881541352,10.494705811271734,4.294197931679113,119.72309203647723
341,250.89177880724785,2.6803780219578495,3.7558902390420905,0.88912792394001,2.212886729664077,74.85468562700734,3.7119447184971954,609.8045073119233
342,242.0011676824772,2.8238360697175215,0.35503832266627733,0.5788067545119405,0.24181355524390435,85.86956422311351,9.678564668299975,727.0754098824599
343,94.86891625590744,3.1077907537858667,0.40090007040951725,0.6323913243283874,4.102437922401374,17.306058746684563,9.764576178278167,250.37188522871895
344,222.58730812660679,3.009018348836416,1.773856459179921,0.15647671600360058,4.131704054750934,22.915814882633683,12.367756046998938,282.0194232070887
345,205.26731985471298,3.019894564839987,4.708628558094626,0.4739212201161027,2.940002317148142,86.85970422170843,6.265628504594638,722.0257053158225
346,311.7665480455861,2.797845334113653,3.3428632336145703,0.716397111958099,1.7655144446919473,53.0032114912277,1.0962763653922536,433.92732933237886
347,321.1958889251455,2.742154494782874,3.393349783362824,0.2709426983163654,3.998916822228917,11.135730757737896,4.104995773821865,149.665694717337
348,32.198964788301815,2.7597271340892218,1.8095999541893248,0.20225418052453492,2.773435123941836,30.610559901082333,14.700081947952254,335.9451405602793
349,193.5601811669709,3.1913546946152405,2.9683039560426923,0.31382680822441555,4.129661542750081,45.99549394150877,8.94387862849053,437.0866818868465
350,316.6713586999758,2.528076433988738,0.05065592013871689,0.24150062799283345,3.1572939629151033,65.43271288198142,10.646056272015304,659.7501904006182
351,256.53676670424295,3.106922047285714,3.180480232047711,0.21491263703639585,3.9220273660639866,68.65283025094396,0.11036744438121804,559.3330266321441
352,429.6800221822779,2.9050727860006753,4.566434737881184,0.42485084286808694,2.9928149660887997,89.63372103403648,7.773085982737813,746.5898720554065
353,332.75987949328305,2.8070307934327134,3.062867341724096,0.9078385138835341,2.070705341078331,33.00089595070072,0.5629298629770468,282.7669726439536
354,89.83786926990055,3.0076803622905954,4.368492967331726,0.5070596467387183,4.789729299630688,53.05760814947802,8.53845318137172,495.6715400781261
355,44.57868622621062,2.840668258997292,3.619865277330469,0.18792038081532303,2.7055691243942235,52.6658838287684,13.811562744541131,495.18579244145974
356,324.78544632109464,3.1113962666571626,0.6027920820184512,0.07697166938087407,3.025447592702692,42.451620755779004,14.526286957506118,440.2609748651025
357,22.990542165394686,3.1304913048078813,4.512266536429209,0.6961561451379252,1.1024381970737462,23.532951507393616,8.108290130833863,238.6638475548485
358,297.030034823997,2.795204648811419,0.3322192217788744,0.38279876443638783,3.1282539471363826,88.19652505470741,6.873072078783239,758.0658213247382
359,470.7128182982292,2.6937794580645362,2.6698373627388188,0.8218309465853593,2.8580382474147195,78.26537493332688,14.17525641372741,701.7309166788082
360,291.9823471591807,2.9146452300153536,0.7106856189672883,0.6595107686407702,0.9241919897351247,49.86664226353898,10.104147479950427,453.83357064904874
361,200.20326384119574,3.1386543419316837,0.05853305365452033,0.7962414505413685,0.29793548676571857,58.259633814722385,0.9734891930761419,528.393628549734
362,325.21122703675303,2.647463532303967,2.110171300638195,0.27194603941844875,3.0217965985738555,28.180884284772986,6.985883665012463,285.6560306928283
363,234.54391634084314,2.936076608494438,1.4752035382707813,0.6923589224610581,3.8184613467516026,53.50296563133975,3.603675276964559,470.72071493612003
364,277.3522267648081,2.9420921540647647,2.430002468988015,0.2640619846937188,2.6170068546100413,65.59761064971806,7.047064821730223,561.6293448095072
365,471.3177563004973,3.013179115690697,2.885999433672754,0.9390684794502916,1.1338631265982286,51.21336227092711,6.831983580095426,438.37890295561584
366,199.1902925223794,2.592097379589082,0.2186953615447368,0.6363742815333744,3.3326098834651745,89.2228136467953,8.73217204222113,794.5541019055642
367,480.98337627371797,3.0010774752774623,0.6150164756187282,0.3245118001753421,0.40052863304801123,58.9073324998181,5.351557355238769,494.6502601201469
368,453.6218145584712,3.136322764465949,2.7932119822521266,0.26951186229227264,2.209168524009773,39.677897007373524,2.4640567418389208,336.02181788627075
369,105.93765604675525,2.6257781762091694,1.7158367658632911,0.1909265850716435,0.8168337919921009,71.77216220926705,7.555791518849344,590.120858581955
370,43.98703742883107,2.6662803274467146,3.64586743774724,0.6946409588937278,0.9222952552994168,23.637000926531364,12.45304326518643,262.5047711263296
371,59.38122067493906,3.179976565829148,3.2614582429596983,0.2187156129979273,1.0114697457910182,40.76126509650132,9.960183421014035,370.1389305218155
372,18.928694569259367,2.626683866896643,4.228021814949534,0.5953032659274891,1.9335352852198895,37.75671603020687,5.075517988878238,335.3120259899243
373,56.27705077040491,3.0980695653587054,3.4624641333461263,0.26463502692535734,0.25575102810198813,44.54456760862218,14.032845341382858,408.51634238689786
374,344.6733189740149,2.8445944995136245,2.149655386950741,0.6619689447938686,1.988967204645491,72.54238607429811,13.683113568737733,643.8621395903796
375,44.882437745512206,2.6730617520822237,3.364833111972162,0.8149397285405392,2.558537235573504,48.73384257307259,3.140225990761482,418.20093118831284
376,166.29805884394304,3.109524930890758,1.3769058712770925,0.7780252431446532,2.416471424831626,73.52115602127702,0.5912637768054446,596.2344689604038
377,423.98890237503275,2.811713678501866,1.5315674938910635,0.7608513309307817,1.9139205020152028,56.11911225118927,11.119630625261433,508.1141656006536
378,21.403248510554675,2.860372147750783,3.9449257996039666,0.18772240569225207,4.195733040353763,37.365554772604426,12.414153920237299,386.4198847362769
379,409.0895564685785,2.7514633585798363,2.2320975820079108,0.08838494698451871,0.7266334621025206,74.79829949467779,14.517968489270329,648.0013720203051
380,148.10883963896597,2.915065596004449,3.9919017025917625,0.6989488284873856,2.5284837189068696,29.06317364424733,13.34754591132466,322.0876643976763
381,67.90076553461157,2.614466710809516,4.112111868341392,0.3683472137943513,0.3102070847827715,27.950638383983637,9.008021523096222,261.3533343954985
382,351.4012110284338,2.7737570756562326,4.287811688306419,0.4323462264033473,0.3557783943895487,50.36023392438686,7.950785088185713,430.3629430978658
383,318.18199492214313,3.1785886256347013,4.583176179206037,0.031149092793391064,2.8693292483854815,30.86793967696711,0.4176157689387944,265.362287272028
384,439.96128662825595,2.6806934028907894,2.154926102566481,0.2595764492750492,2.830092124439105,10.726962796097306,3.6998467026716675,137.58650867430228
385,370.18481146390405,2.9597156651789045,1.594334091605694,0.03367640387446402,4.390167564222285,61.86380218390412,6.894221275993896,549.9386217472241
386,403.7056558885758,2.7276330449572863,2.910993732970569,0.8791857726012476,2.7893683783003658,50.88750571779184,9.427558501253518,464.59887906532333
387,148.19694055994017,3.0414311879806206,1.855862117188138,0.24339668321853047,4.798955102024251,45.64142515945289,8.35877749977616,440.6487156000969
388,96.94537645206418,2.591611562502845,3.0053708340011647,0.557337169573008,0.24347424199964884,87.35748116946523,11.139539845225357,725.0835427627749
389,377.8012283040206,3.1788747315549815,3.527929313219123,0.03897932066113041,0.49003842390370533,55.6959347170331,4.196503963305613,445.66340674371145
390,405.34902224095936,2.8176526789685474,3.4420250924606846,0.6668473913056581,0.22032930785190696,79.07452622315076,8.474289114787098,647.0675886096859
391,495.3475195803299,2.665235324342525,1.8727644351006068,0.32302734575409386,0.9263842516677001,21.156018896412814,1.322133650861882,183.7690186982364
392,212.18266168659898,2.551447723131009,0.8343010084937641,0.8979191869576658,2.7063505547083904,55.53651705035421,6.204982853748104,491.1949017479721
393,192.28886203846375,2.6188305335612787,2.1526466923110377,0.8881181889340358,3.2278609071371402,79.43837013847224,11.252412494319016,702.1272208319542
394,390.4423507635785,2.8638417639892126,0.7129707204095437,0.3252906183617478,0.227925789743344,56.64846058239184,10.40101280143566,495.98641186555767
395,176.99373472397875,2.7359022235019004,4.450485175919042,0.9009608956904679,4.729854449227997,67.44113425016012,14.859641057582685,640.201387187872
396,466.0710895457467,3.0802183561178267,1.729387303689287,0.9961576734987788,4.210826883251905,39.763485424976594,4.16836688981634,377.80801223018057
397,430.6222484030758,2.8016212665632643,0.7722987361166189,0.8254156641239481,1.4830624107854655,17.39596136296533,7.472839487609687,207.7754638512108
398,220.207073413759,2.674099990811341,0.1272387995287544,0.844871347755229,0.3859376511323398,46.63202361016572,4.942956206609951,442.60597533843696
399,377.9268232178337,2.932001490622821,3.2291119314324215,0.2490087361090899,0.8494353660952864,41.558351267108605,6.609046710887621,359.0154107956882
400,379.72600830149435,2.9947440518198123,3.1845115872737164,0.5767023988577563,0.6347220687748634,79.36481459031579,12.854251948040822,673.6534573371036
401,60.530695729606975,2.616929335530665,1.7030208329064584,0.06725591396736785,0.6164188964947342,29.51962418819778,10.263136127827298,288.1593813352935
402,452.2509242729877,2.6173334514018225,0.35855944423825503,0.09491793682166971,2.5928084433286696,87.33873820280864,13.236617870213726,771.6243178566676
403,257.57366249945,2.52566999885348,2.0481444744761603,0.9988926120332906,1.2292372124670015,86.6510495843597,3.052666624978297,694.5575964112646
404,414.9641583927934,3.0154814105459486,1.5560874753169678,0.32663924942591094,1.7906985826457222,29.810531445715096,13.10041676762157,315.61628923849935
405,166.82430450499976,2.964663169335264,3.3856031986750468,0.7481839120488464,4.947526666921612,37.844156438185635,0.8964341126757663,351.3909898885004
406,448.8063819631382,2.8322416130248698,3.028896247263452,0.8066650530268165,3.421571244626724,81.6444592699108,13.328989206557287,725.5894875266314
407,200.70882257973992,3.0909193142784384,1.8229686409877,0.8580232710072292,4.744903335235007,87.3297776716886,4.936106691910918,743.4965338161752
408,15.310449225346197,3.0639691070650374,1.0894627712749505,0.9976282974021565,0.712782775165578,45.47512822688353,4.718814501210997,392.7411204828759
409,453.6371684454392,2.909748055077727,4.940179830777959,0.24149648525686784,1.9106973741628464,35.67976365127183,7.6813286504799585,326.513123061317
410,54.730471625205446,3.1077898963592814,2.2700081059805743,0.04035082685969971,2.7736590164117714,52.087521060123365,14.110352815848476,492.99077322559776
411,166.4636824193033,2.644088847025738,3.441371178901185,0.411191517994586,0.3837903094436901,65.02153650925878,0.7167204702210805,504.0992865946962
412,475.5303638548944,2.5783437335784094,0.7027648378918039,0.13008066982894695,0.020937218139789326,31.877961229998384,5.283464626061179,282.9272006267868
413,475.79750199940247,2.688824728061893,2.427948498296989,0.022425889162055124,3.3521716689845875,68.91785396952582,12.848579830250037,622.1899669364312
414,290.9845651804102,2.5399607992625204,0.13768359934732743,0.3604268271414861,3.2090975840071767,14.132588569171283,5.940817161532001,224.8083410468975
415,319.6002339632016,2.8718186696007226,2.5272755895522496,0.7837382510752364,2.0539440499980586,13.943559421153315,2.987353463956005,150.73025823809937
416,229.7383057693767,3.155623984606473,4.820087035588512,0.5661806912250709,2.448220380160163,40.90301641164362,6.371912719971177,369.7463441589501
417,153.67327813205162,2.527540478467957,1.9210335649290011,0.31277798921035405,2.077215002960448,38.27785536485764,5.78328752237504,346.3233979377472
418,171.04562723125883,2.5854769398070188,0.19498006287455794,0.6543420054927197,0.12002522422444428,35.25065722937218,13.731243022000552,378.5565358095795
419,339.5340434777488,2.8165393197984048,0.15477895459671764,0.23201818030881072,1.676858031087312,49.2815810135128,11.429015636146456,498.26940158466783
420,378.66351942446323,3.1537125122695335,1.9399337997343475,0.014381446072085025,0.8854112769864492,35.6586865849257,7.576733336160095,321.34605615657034
421,397.87373142566577,2.721309273483725,0.8001246823159702,0.7643533864364274,0.4921209455068437,25.380633477447354,14.825558500823567,293.40085643937226
422,396.9128899693314,2.8550643660818746,0.11676048164092956,0.6237430848640091,4.783602169446749,34.75756392708807,6.97916296913885,404.1696927099507
423,54.69099049385828,2.5291010013352744,3.781068069750884,0.76230262450096,2.996798625210828,87.9923418248188,0.8735674623041284,707.7010878312088
424,252.26594930426492,2.6038402406734624,2.2926150444094535,0.03893801668766561,3.6432814211830133,42.88907335958789,3.9341148272247732,387.86796780616453
425,38.2037924081557,3.190641086071193,1.4462238598632726,0.8371196278306522,1.5768187163305876,45.57702214866686,6.541057203289689,404.24232858512494
426,279.2691523386304,3.175583087505232,4.500415915082404,0.6195262000363033,1.965735647470076,56.1235991960912,2.3535393621918015,462.82509847056104
427,226.34994567295473,2.503457986654087,0.580694801002628,0.5633953507126401,1.1846199694836175,88.66726147313813,14.213476894860644,771.9398007883003
428,444.9750495515669,3.1662682497962673,4.779594144776596,0.6246140481145316,0.4848283548271237,29.32810211486104,11.502733467266596,288.0528893781565
429,181.94835615051855,2.9473839564708504,1.569833586886764,0.8644332468683641,0.895158187207919,64.50256884259471,4.0243080064165895,529.9855946401153
430,67.36283804952687,3.1075428061640156,4.442018361543406,0.5869365065589071,3.987570226482429,67.27877548333794,8.862068002768737,599.1386494949334
431,80.06592420588957,2.818317898943701,3.0147143823973077,0.5809503798881793,3.3877290259188793,58.585953343445276,10.821737356643581,536.0627650750806
432,383.1402095415614,2.8609172200054753,4.133536798707437,0.9906791570657658,2.7346443799273845,17.086267170931528,14.11918393360197,241.29362193617294
433,312.9268510249679,2.8421926061798444,4.920065816052322,0.756730167068568,2.37544936433384,64.14978206620611,13.224530237631159,577.7402196571536
434,59.55011130016722,2.9668049802822734,1.4420271890937286,0.4422938054511353,4.612171418280623,15.127576882894038,7.727883392073205,207.8401722088484
435,51.212334996348744,2.5977558783294192,4.805677427037965,0.7073970000329277,0.363674738893342,57.691411963991754,11.619789296895263,504.4122792737021
436,353.4748744149688,2.5209815129108746,1.9474094745121018,0.3892304716917885,1.4030040661895797,69.16649417773941,8.432171307413775,585.0020602126602
437,45.653873118454825,2.7155509591138336,1.9275595236846117,0.228875462483499,1.7496892678535703,26.877591249596033,8.290558350683101,267.65944580900236
438,412.7114290522745,2.993276533915653,1.7019355212725285,0.5968518768877594,3.912129061063939,77.32976060342193,1.7211293750728784,642.2369205477572
439,356.05869130668316,2.641297416486064,2.707038036737926,0.9281820981139515,4.962573100809856,12.428304442640341,1.8920648702422809,167.10904407856935
440,49.860902514530885,2.9714027033274424,0.7707252158924355,0.9291395200154627,1.2033525737857653,77.50502909266449,7.943004225336861,658.4980950625865
441,51.57047990174404,3.1789384322750895,2.768557426790056,0.3419052781054903,4.371536670685403,46.82632405142121,4.032923174685099,422.70289427919045
442,493.45339346557597,2.565730501052593,2.70852406205002,0.527677466221695,4.153113802158956,27.40703519453156,0.3155535369070295,259.6044533425237
443,193.39268992049895,2.9708214827575885,3.80950906302435,0.2116358985698612,1.1232869882088332,20.70225159951744,10.842588058503184,225.1608090836337
444,191.61465206277654,2.8106251535132,4.168249809687928,0.9956311094988834,1.996662900996113,86.2645734065898,0.4872989503524744,686.4059321966466
445,408.27178795617624,3.107699578064254,2.2022067515621204,0.9811179078679357,2.048364346462596,15.813247006492537,8.929152616560819,197.35663662075876
446,474.15180291809077,2.62400485261317,1.5116662467574686,0.6495089297074473,4.891103342632792,25.92747359487405,8.087906911909716,302.27877530243467
447,493.14052127320673,2.9848381665583155,1.2966744865854722,0.8044140596774734,0.9044595068944916,37.825787794643674,14.532220358667066,382.47297095053136
448,379.1553107768814,3.0866807027536773,0.9731191835243597,0.7151001612837,3.99578985552391,59.61878791688964,7.263197090214625,539.4762125169287
449,194.36719691014872,3.1612299536318167,0.2882379109951244,0.5931582190394682,1.6709635708655495,53.58408682208787,0.9540215456669604,464.250481003421
450,50.91535118234769,2.978273619802752,1.7122398941735666,0.053347996988897695,3.654351728880802,20.05147939298512,8.275319517096925,236.0853452622214
451,390.801988804444,2.8480223348058993,1.3512384606539163,0.45476434255266107,2.1000550214783145,33.17823869905717,12.616442559241522,347.7955393390382
452,283.61808237054447,2.93249306814085,4.8320869293320365,0.6747863021674105,2.8917988155827,29.100141686881926,14.952739264221599,333.6803134930265
453,217.86878453101838,3.108233489135103,2.7885441312502195,0.6775316138836847,4.163058866630656,27.083428359227312,6.455147605336087,288.8335508821576
454,454.1136486964206,2.8994268226471807,1.7363851951525378,0.3731226184223836,4.0208278249194205,42.891546918398966,4.804481137451138,395.28186736699536
455,64.48676633001415,2.521270941787786,2.90233800496848,0.9416919866580306,4.332115917698501,66.32251620733255,13.599799454279983,624.3471478954887
456,251.38630110252097,3.1516640868548844,0.6959835067284775,0.167357032236781,0.2980866267232951,27.396234577378877,2.8686319361418207,240.1945204910174
457,15.563285936035344,2.982668725722093,2.2202187460110148,0.5003594462155606,3.460252765198724,39.33431037623851,9.231433725493899,387.8316297385212
458,239.64371457712187,2.9735593700440726,3.131171607105319,0.6908839765508228,0.6999368836088143,41.27339414729298,6.085716362714216,353.4691287853865
459,37.5886050841003,2.650972606678402,2.444489158962257,0.6971358058918092,2.0790928400920548,88.11652235483281,0.6162354743333293,697.6534942806319
460,68.22077897135524,2.96121982916286,2.0088940032716214,0.6486389567688156,2.7429420752734424,86.3733085503255,5.2093271145854665,712.4845985277933
461,67.5878609207814,2.775705083957911,4.969241944498491,0.27528821345186016,2.0136974237341536,74.01100662016607,3.978427837540119,603.709915605974
462,328.11304803687113,2.9558630839290445,4.401573810744635,0.15620656868662197,2.5980583790150376,29.33271366553481,10.291367309152303,303.03301218750676
463,375.56199084005743,2.5746151212155937,3.1170297907972007,0.6359403268267109,4.9826315439930955,15.442985127333575,14.231857465378772,247.54595973503274
464,295.8506948976082,2.960491713222125,2.8468868059114136,0.5993021161394377,0.6760865685642736,35.35233101764998,4.020707810679566,303.2311365584369
465,481.46454875252556,3.199589608039467,3.1033023991229203,0.17935601028924097,3.377280226682128,31.343563954706468,12.171989087275227,333.41874212341037
466,193.686583966615,2.533748427202389,1.0065605391121664,0.7051391455705633,1.980004831928076,50.47406401171151,0.8303972540761428,424.12736583453744
467,149.99892227811176,3.1840219289549223,1.975688716321593,0.4551719917336564,0.6650489945366439,72.21823280542344,8.071815150597198,603.2359828945332
468,435.6135728128355,2.7848355725060094,0.1972976644544966,0.6677605916031529,0.7936838168715477,78.66583511030865,1.0582509556484188,652.7421436055735
469,119.56196087453179,3.1095274152360814,2.3777301874341332,0.8373670797701507,4.746365531228085,77.58912683284068,14.01049486695959,716.0754712259182
470,481.97904432589957,3.0476698388407915,2.7151229197883158,0.16972842857692316,4.3980074835588105,38.77404489784542,11.495269208360853,397.2714013610999
471,15.955692598010007,2.8969113826906674,1.138748680516048,0.01914486799683668,4.5352098020751095,64.97874747685464,9.869248668068884,591.0218833039519
472,485.24062508674314,3.0169144464759285,4.820144235827569,0.7791025863957868,4.957663879136932,35.026735801937605,12.358445724369965,384.4931201901808
473,31.148356855782296,3.114960892910944,4.54727305468621,0.6096974251526159,1.0415769500425898,14.872443458814617,9.712796933552447,180.33521480103713
474,446.6601257120548,2.7828982251557233,3.6107161772795293,0.6996395696221217,1.7771966868203086,66.12522124823539,14.534165957614368,595.9701694989736
475,268.5735434522869,2.728923213094267,2.666933143826813,0.8381549749886426,3.3460951496243334,10.786204205583028,10.709369217971572,181.89760023649856
476,496.5527500984572,2.9673153698945094,4.349845798238425,0.8028109348245005,2.419012699303236,42.734606996679084,13.869879143733701,425.50909878964836
477,46.16031672034544,3.065492159358881,0.6532617191173146,0.9609201469288247,2.0919476668916674,36.35034154416606,7.756978380159571,356.6450372889301
478,281.3885993566472,3.033599594343631,3.952548971374425,0.5359350788521182,1.7890562466779651,65.4702030815082,1.75596619472794,527.1960379298552
479,484.9582424533585,3.0584695542010443,0.6241040698342415,0.48849563265990537,2.968903159717261,71.29963782083031,7.922665821345257,627.9346581001362
480,266.3179436433729,2.8049083203690532,3.971053312747027,0.4018871998907301,2.87796714320041,34.327570877702705,1.9030924209463995,303.2028885113122
481,318.40533268627865,3.072483951322515,1.3788378412567848,0.15369104284420454,0.8072891703212004,74.93016115558828,8.887402187646076,626.7965553065408
482,350.9168576024624,2.584146338759426,4.385452905090944,0.5726072328820224,2.358699187592195,33.513340840394704,7.237395907914944,317.21628695030995
483,232.72512173620888,2.8811423685725948,4.7202104691269895,0.2770125243259788,2.7673588810492493,45.7061087989249,9.338630967491726,423.4832261382139
484,317.5034592411911,2.504031062348685,0.7439798470255782,0.9213075122129755,2.8514346936569526,68.16148216113072,0.1507047158224739,562.1779790412078
485,296.31401284231913,2.727210080930189,2.3133780253269673,0.5831908042770976,1.050535964561759,65.43361833798309,2.9226073748304615,524.6705587109375
486,451.5674251405846,2.7565230744099787,4.904936890813426,0.5928401805081102,3.711356961261434,88.989477784976,7.369956478681964,748.5595575979569
487,32.26872636731436,2.7773208841264787,2.417037179865733,0.35492466087701,0.12599547410534817,28.01288193727455,14.257553423837022,289.4259102082394
488,147.67196290019285,2.9868270446829035,4.317737612572726,0.05198935197770749,1.7741592777158133,62.98543308316659,5.7541356053273764,521.1900544849474
489,475.7016271975138,2.771990670889242,2.943657610656599,0.03174376537298862,3.901063242678168,58.77455266206219,6.36558039080452,515.654205960481
490,446.229254106549,2.8140855358357717,1.8766495395980094,0.4233351441531975,2.8194646052770116,83.20787635920239,10.720441335099332,718.0985979815638
491,233.27180886499934,2.666280891612029,1.428917777629351,0.08456537809723785,1.305812162554301,22.508971331590004,9.05689135929177,235.5602594534256
492,313.864972922753,2.761276254140538,1.0161154554304364,0.6068469555401391,3.4747655967152387,70.14385308695464,4.483892251474998,597.3586715405183
493,145.91677966075503,2.659088739084206,3.8089909568884863,0.8809730056396574,2.836954720780367,55.461489301501466,6.162245933511416,489.4636014408722
494,102.17936826464305,2.5512371466379107,1.9327025341151394,0.8829148165187222,3.981218047281936,31.973269583032433,3.2654969828584868,309.2920631798893
495,237.21221842059126,2.9224140153669644,2.5563773110037555,0.6590454101322324,3.675125930949117,47.954793131773926,14.490321886953128,480.063476983305
496,183.14259173276588,2.9677489589885115,2.4616274000059097,0.211231831472931,3.0505396101811733,36.702127765583825,1.9595157233603961,323.48118761269654
497,295.99149480692734,2.9336432422067302,2.8863951461656563,0.8629968313588721,2.44088837655407,56.34507222307687,5.577551768496292,488.1163573085751
498,48.089972112842574,2.824445830660401,4.327885728122761,0.8860934353132082,0.665910628337617,81.12004886517327,0.3875845833001679,630.9715606815115
499,487.4534557564216,2.765850046125461,4.903696717917147,0.1966535849529587,1.306665089426919,55.544398752976164,3.326692379003196,451.71603496938235
500,493.2432647950054,3.1043335547002777,2.0379210428690846,0.7374260857706773,2.0954973645854262,60.53779346612672,11.707067075702323,545.032319712929
501,352.0992398696751,2.8633572495953525,4.137594610531515,0.28651954892712295,2.9964964350319434,51.499827769176754,3.017628484333192,441.48808185066247
502,272.68721950861897,2.8354273143408117,3.8226389732735884,0.8026403123529297,2.568539276076524,14.093240515638072,1.2009510379344839,149.00942114476686
503,161.6685319803006,2.517949446064505,2.8676447572778665,0.9972378999036027,1.4409226297976474,28.62868455008754,7.116797697667849,278.62887925627217
504,408.75955965640486,2.7388734793383094,4.780235718059665,0.030026005329392813,0.032321788948552754,49.36013835456662,0.14953852101777743,376.0736130202525
505,345.51827455140085,2.7661369331501,1.002372577642014,0.8973658657909319,2.4811961095040695,34.81882269957638,1.2714923163949976,313.13676174284086
506,89.68230027899673,2.7791759466278303,0.5463210515481071,0.622630533598658,1.4281299428112155,24.541087820895537,12.114388043444627,285.3315309935405
507,456.3543204019828,2.9061206584591326,4.269809834777111,0.9733826191648212,3.6730415035526756,50.330627353475066,11.572100172894096,489.66028406143823
508,413.0432490323528,2.873521782708815,2.1957490831687414,0.4650095175264276,0.11973132635241746,35.82478347582803,13.72708230607344,348.0753751219435
509,475.40195751304276,2.9255335649554115,4.2348442710353025,0.8473879305713737,2.9241390565289542,30.64861145387318,12.817731538661242,333.9270969526998
510,365.6025591102964,3.03541828307949,4.4654510259770746,0.06239406859827723,4.7073711875303275,47.11883339523047,10.247633448597272,455.31182115818535
511,310.573446008537,3.0690900171012654,0.3122879680953572,0.3352790500782957,0.8720463355574976,20.66274064657385,0.7849928595099426,203.44646703342585
512,214.93908778240325,3.002686153358546,4.417323814930303,0.06701653775120997,2.358247453752977,84.21965864603258,11.742729269799863,714.3909378016538
513,467.0369568434665,3.1688665871684547,2.241595276847111,0.9753431334790705,0.45710995908569085,79.41616783353912,12.682662162608407,674.7769126618244
514,434.3713058552001,2.512762807873453,2.5521624450211613,0.8169739072718367,3.1284095613067633,66.60964685924283,11.986232186579317,602.5077361055128
515,32.157148352032806,2.6370445899784825,3.132962555466051,0.8525474212459705,2.752658402981128,18.4971062070765,7.627185529620391,213.6656563284992
516,22.919817503653483,2.5052940124846996,4.6319130336504335,0.9379652314338942,2.0368276210641616,72.07018035757544,3.493527579742225,589.7429258345786
517,194.4670497702443,2.953232299908222,0.09558047214882015,0.08510348611978535,2.606885107368706,74.63658624872151,12.6799496353309,715.0369213249171
518,407.17113208309814,3.1286213842649913,2.3842173415890855,0.38559759251333336,4.482873292345051,71.42116941714701,10.907442146102078,642.1432081011831
519,493.7653033643228,2.6704376076034095,3.4386102121528035,0.07103488904400213,0.9814715115553352,19.11727096953929,14.711417615832774,228.15059727886353
520,83.7042766407288,3.148924181357415,3.613534788491142,0.21079310155002862,0.11282255852673617,61.512636565421175,2.3353889663389937,479.8216440339154
521,301.1240505225462,2.5421871732026924,3.46266215768554,0.22936577703767236,4.308324423495505,76.74598365995189,3.3849687457808257,643.1468718715711
522,196.63651974920054,3.1541052187638603,0.6721756470406093,0.4691072110475787,2.8855854119395326,56.18827209757342,3.1769722482225404,483.6672070049672
523,485.25805492915555,2.7461358810677443,1.4969779418584062,0.2685621674536426,4.453292277309212,61.71259001824712,11.88809651432005,578.9814836259218
524,422.63827233649727,2.5709945799144514,1.7935776270850674,0.10097810681776109,2.984726117065863,46.66907835410449,2.8036094467517723,403.1408529837734
525,420.7810653084575,2.840110231430428,4.022186038397525,0.1674910890941077,4.050805449798513,52.296585590724206,0.9998974473495914,444.3592408826607
526,239.65964829953543,2.6797435974043555,1.3937993620727651,0.14727556355209093,2.1483668167757397,12.750148668138017,14.97841209878443,204.30026027970453
527,213.26155614545593,2.699411031373346,1.0535248193360158,0.9730767979122983,3.7492996564413437,61.117041757862765,0.3722581716772372,522.7265835471716
528,143.96946524604604,2.7151029754484006,4.787240095190481,0.7592925069184736,4.56520733444928,16.515777031292735,12.528660902382985,241.63661735272112
529,37.62399335895429,3.0621181284828647,0.0443164255673445,0.967761465269562,2.8606148186110314,44.80116754721787,5.480502623259792,488.65885620616365
530,433.71396436497605,2.877412893672678,4.989104278409891,0.43974048650790853,0.9039257528118977,33.412407813392626,12.62423189636723,328.7857333416852
531,408.321494473738,2.7179153894092027,3.384106494286978,0.2783684816626566,1.3439880751509907,53.634236016937045,8.319307368167175,463.6807619782131
532,499.86165991020397,2.927233648317643,4.142346497245585,0.7982931972091867,0.9932228844870289,20.673306841856565,13.524468442295401,246.60951641771968
533,498.35205016621364,3.0013054719562358,1.4730969817309658,0.3262539180411468,1.2342851379786646,65.33147215786545,13.8928947962194,580.3219986795812
534,282.16153574528744,2.6908368005134737,0.07157638833529989,0.2993833737053483,1.5320772467551818,73.60092295427762,0.13647271921163995,642.1532977018577
535,386.80383343845017,2.789484371067746,3.6893475928076502,0.2325059922078312,2.7756689337659424,23.06835597945252,1.1311826398918239,214.81630816773637
536,472.93520764238974,2.5853202653358633,4.170722985003379,0.12967897822423535,2.939958147319164,18.34504698815057,3.755380943562832,192.03865625615154
537,426.3272214319316,2.6268045446742763,3.702380659767596,0.25646306101676597,2.1324987362093055,21.64123862298873,10.039731245452526,238.97041536771923
538,131.20056985416687,2.976782497775488,0.714251436504193,0.3553197484738877,3.077103899104177,80.17020495188014,13.32408294767259,719.3193370984193
539,230.76662630194582,2.6270068433869387,3.767139611284845,0.6739942081457304,0.4078746280568296,52.2551409405085,6.899129269409442,441.16426013296365
540,73.28811342423253,2.867614368566942,3.8446139105382047,0.06256484221945158,0.43894118529079984,47.38087968060021,9.104596744113982,412.1313742760376
541,477.485003356774,2.996332383205703,3.2927025783502746,0.21050693966534295,0.8591473017882922,18.53694552818834,2.827497791933417,167.70497004288694
542,307.02557088093124,2.574813846166321,3.830579663977931,0.8090236402916764,2.590387490201724,61.96448054055694,12.07450250822528,564.3479170546954
543,122.03497469669674,2.8971185537402326,4.229607198388661,0.14692192358377076,1.0699733934915678,79.4399673516072,14.509921670302045,688.7300772658438
544,339.1333353588698,2.679593948590955,3.068020571187292,0.34264514652252154,1.4164220174628865,76.25486954587623,4.0289839937189615,614.8036930798283
545,312.88283782436895,3.174048812666306,0.4430235698483953,0.8646589218581401,2.0015641808649702,60.0843767184641,7.422389274008195,539.5408472643645
546,185.49973183609185,2.8384819527039475,2.4381390483360543,0.15492531114344266,4.059330620051899,16.02229733213389,1.2917416575956069,175.16506933859074
547,65.64322017781822,3.064194784842611,0.3882466733580253,0.0827368356181899,0.06931067956430059,18.99176217408104,8.387049846944526,210.84021830255404
548,339.0708658404718,2.8851585795093833,2.037715155162154,0.48453799508001083,3.246894101183112,13.944718968785974,7.541751627700208,190.2464742318729
549,264.9507734428587,2.5303887729983736,2.0355324456281383,0.3024195112785364,3.3443826552034266,30.598337319397544,2.166547262326164,283.0205715966178
550,388.43601195046324,2.943205962915816,0.3300492207012079,0.5634083644838541,3.9932789017831825,20.85291737283022,6.630993196771126,263.6521316830057
551,264.88011554487673,3.16598233954466,1.7441026698473965,0.8038048904834751,4.663764695301566,30.80384322019471,5.011569781298449,315.8881608348922
552,427.56893515608465,2.921128274102432,0.5549904939565742,0.13714848815274316,0.10068924474644914,40.804644457516936,7.82746312957784,368.84087996216
553,280.4343509994979,3.073432201598753,4.0411760500461105,0.580699084554285,0.7689185275660809,85.43862272569085,8.784815031431988,702.9805288949276
554,284.85960605233925,3.1189445243438856,4.7384401298223535,0.5055087603898639,4.4308564702799655,58.830084782535366,0.12743367910814263,492.8327161818977
555,439.5602653025891,2.6596558403642527,0.36158237628969303,0.14407878601319957,2.292592810935077,76.79790285463699,11.41508974424333,685.671444612328
556,207.70660444407454,2.6484313879357586,4.775576036458507,0.6239984855289824,2.8229531946673174,66.82812005698658,10.695214377926112,588.7271338807847
557,75.66746194081396,2.927686692195694,2.6128829966837257,0.27364041786077165,3.315136018615737,19.00025044213054,5.494295793097833,210.90392385680235
558,24.103511393536095,2.787719928864693,1.4978283897693694,0.4878343185440125,3.395333022478187,68.87363250991591,0.7940390335322739,568.281918406691
559,380.0172552800733,3.0879029120067045,0.38431037638081755,0.08227232427706188,4.6587020165825415,32.00791052472995,11.323988096775755,373.32669029120143
560,313.9516801631977,3.130016186378608,2.503121340352089,0.45958405721362305,4.984747087058349,61.12862775957651,14.327627407171986,587.8223220402341
561,354.99908636861954,2.7473949655119028,3.9725777224537433,0.3064634680428203,3.600787304654701,37.27695789143908,3.602273940330213,337.1877104700776
562,114.35243913936625,2.6658093912821377,3.5354323863334907,0.8223812111853543,1.436106046025754,89.81378106117273,4.852869206055568,722.1434466078028
563,76.82202303751718,3.0463678606707036,0.2511300573198688,0.05697872699736828,4.398762011471718,31.084118359742227,2.7571933422272243,324.4647188147438
564,17.126886177262143,2.692364224883695,0.36450917683951756,0.41860727491832994,0.24610457270380803,32.33043766194157,8.654041850172595,322.254883244852
565,181.7879038152325,3.075830022959575,2.0143664131631853,0.458431424131438,1.1554042643724811,84.45378044499186,2.322620919711824,670.1913840318214
566,299.05966655877023,2.796616777554134,1.4764524702397164,0.7250060762991187,4.486928587318574,11.971552370905814,5.342909151920692,177.2068272919299
567,202.19958209886883,2.9672849295040296,1.1619216152802392,0.574287575090211,1.2809575721967748,65.73511902985575,10.455195209013944,576.2145445670735
568,224.36271179162725,2.5668747196842676,1.405022494543568,0.667212337194181,1.1032552981087425,68.02611125887026,8.401739745140226,578.504836439594
569,453.0377603019367,2.936701527273601,4.017413716484423,0.7770492856517561,0.6906264657012362,76.91028619283195,5.7969384649190285,623.3452716148146
570,180.64517884141716,2.8162373751160605,4.64614026815927,0.8622029736581888,4.295558788234582,87.95514485107803,6.303744027113129,744.7550941330395
571,261.8548496883073,2.910625924222832,2.025513472637832,0.3138754967224705,2.5002912959554333,88.0481535325322,8.431663239348442,735.940307446838
572,393.98997624316013,2.6176099454214046,4.530555010662486,0.538022705363903,3.374466015270774,15.222140605317112,0.08797091830741954,153.3473121998562
573,204.30596333742238,3.0158116214609274,1.60747850623941,0.8401080784391999,1.1953319203751485,75.7471458202322,1.1776480268041478,602.2198335657853
574,314.822483111658,3.10395795428026,2.382184931718958,0.9894511309650564,3.7902021050560823,61.704794692590504,13.218871016445174,581.6478973550701
575,432.55821728590513,2.651717860063543,1.1301449890799986,0.8895193110437631,3.8000277248104926,61.7873707498473,1.1681848363693614,527.8053329161708
576,475.26510559224465,2.5670001888641134,3.2023802108792196,0.3714672626243768,1.5629901245415008,20.267994129175584,10.602053943157577,228.34749355472988
577,82.0660056552286,2.5165470102324354,4.894905575874045,0.19516651721865041,2.0534131650514142,62.01497331565227,13.800572461635788,558.8382945005242
578,464.0279363291323,2.9493800503102863,3.0174654802168934,0.4893925374065887,1.0484513871510042,88.59860644809983,4.060254064525966,702.4472914052473
579,251.1369836089737,2.924965825262147,1.7890704205677443,0.7416414518360422,4.882805116614522,82.94548556315576,5.557371555892714,712.9036132824764
580,136.5397502664896,2.882688188899849,3.239087229952642,0.4925690707532976,3.228012885292058,45.13045286438804,8.533821087670745,423.609687091056
581,234.97652055674803,2.662362967281183,0.6146033923269378,0.4831808633136685,4.672719403577577,13.195837862887547,13.22563454457877,231.88269027798867
582,490.2159618898838,2.7736341971338603,4.443295401326993,0.8382304210818006,1.516927718145666,38.98347920001639,14.128583808906303,389.5070276696084
583,251.38286605650612,2.9161334346303214,2.515419753899182,0.36140377906718635,3.9094545649844488,76.11122492804442,11.09344872166902,674.2752586354594
584,171.08828904087903,2.847736801201419,2.24674871019821,0.8597946748116456,3.82929321942371,66.11992811721328,1.2992964128204103,553.2062654928085
585,320.36641861519564,3.1914498641504214,2.929323942267596,0.40680480095172356,3.4582782593327077,46.747492447516514,10.037312333022761,442.40976479289105
586,127.6713532013146,2.595507826789713,3.1239193139470123,0.3282331056783394,4.828194876334003,14.408122812706488,6.154555828089931,194.7753286927251
587,47.17303077324532,2.986601187833316,0.35887903113256514,0.453989911199699,1.9677766805315777,44.15157822586421,7.060514992365924,415.73432266462305
588,73.15106373621812,2.7830231376730046,3.413086106117012,0.7624469586748684,0.6535866179487865,47.52199517743068,0.7372258551776556,378.5868313613137
589,72.7424610893085,2.7997397304479303,1.209658401577648,0.12600202786399428,3.3585442962203036,84.28444263153088,2.865932090195373,689.1300117925172
590,84.43231982102424,3.0023184359607233,3.569763162532949,0.19641921587201738,3.6465490023860307,61.286888286572754,11.857704113004717,562.9603125079909
591,78.02531459821097,2.9847053059270587,4.112673971920984,0.951444825663092,2.8753028672940735,34.93223333237191,6.809382495717896,342.01230226320786
592,324.02862495357516,3.193879195591532,4.019792537762601,0.17549162738135737,1.0340894656669812,52.02546115605771,4.5249336244672325,426.2394407463682
593,99.12124135558096,2.5898760026178875,2.7625048370394456,0.5677273179310546,2.522279708346777,15.284424625772806,5.7602861094743725,179.8198455289934
594,179.37696882869298,2.5728767545689166,2.600849461553756,0.5793144666619379,1.560948682845647,87.80545885197894,12.815992699885204,747.2259458347403
595,449.4263208539458,3.007037171990119,0.7143798066970586,0.4896244620502448,2.137332640833445,38.804792154458084,11.234985261074353,390.92255100694877
596,242.24120372880745,2.9048708419044864,3.876730752015678,0.6447452485768186,3.2260928792233194,48.22938839305087,4.084730957716242,421.4857733964872
597,337.10329187530334,2.691912466591864,1.3570469022335718,0.22982672579761843,3.7260737134541726,38.42271793895381,1.7625276031855996,346.0969851591129
598,94.43673688879862,2.5555935582922906,2.483477114089733,0.5526622677767482,1.1611234545067157,64.60093840929602,3.779973324661076,523.6896150928056
599,104.22161921624868,2.5599607747175015,1.4213704646375835,0.37217325524689715,2.026626803234767,62.97857266636744,13.811346765821005,573.2338552246572
600,30.025621970574644,3.125933612264883,0.6691418149984657,0.661667259629189,1.3458078549581458,67.22578484233085,8.72383256774633,582.2382862510526
601,92.77818090536063,2.63430712730312,3.1477884844586828,0.14122354337314946,0.9931580693093456,31.451458368953666,8.002203131171743,292.7875606043982
602,146.50926612565974,2.7263600934808645,0.27166017411451915,0.5708774168394762,3.916936099979192,35.25347849312528,8.945903995386923,386.00155383016664
603,96.73513729560594,2.6586594815588915,3.743226170631,0.1852703553833237,4.546263472184962,20.020098487696636,5.490423986197729,229.3257598271435
604,53.464241540957254,2.7484974140823564,1.5879339763055833,0.2786430631150364,1.8511609284228836,62.440797747689004,12.10660530479269,556.9461597693789
605,69.1115768392944,2.5485966899222654,0.0006734650224266003,0.21870980032358323,3.7563946218688344,13.183770186852204,7.849293739503747,301.88195971083917
606,235.78159633603562,2.8633418536357893,2.555645696186149,0.1828377798688171,4.484976446822055,57.814586841876725,1.7512185415319332,494.06721780653464
607,111.10352201883833,2.5473287945145504,0.23425954263801563,0.825710951560667,4.230621052651157,79.57567078813071,1.9359768724359445,692.9777777835982
608,188.49223191355696,3.0602495554756532,1.3808477891044975,0.28570756766089034,0.9140669426961295,81.26657186317068,8.052887197539276,670.6497012185756
609,256.6744627188799,2.663598457337303,3.534882437278581,0.9271237818644493,4.781459407566807,45.923020829596936,14.048553271062588,478.2702286957032
610,348.293466028389,2.8780083402231575,0.3134481081093293,0.9699265253451909,1.8833822021473123,46.7442950570459,4.625281825142981,430.93337457448195
611,29.26294852213848,3.116055361293021,4.196692461780012,0.5712604699370973,1.6962033058691817,16.157534640641387,13.043117532888274,214.48978854545618
612,401.7110954654309,2.955614158333036,0.01909961329291554,0.1430011226657264,0.3121566363889017,63.661202035442855,11.46143379868319,647.2805340612479
613,317.6711908505448,2.873070450585935,1.2341193460095112,0.37454824337958126,2.430868270524415,75.70075362982764,3.7171866436036027,622.1486073609861
614,50.06192565494723,2.727033627180763,3.704520280760357,0.797732263348214,0.5450680782046435,29.572404368377043,0.5451112247436368,238.41996875787575
615,438.05352581232086,2.7331013391407386,1.581350748646534,0.36739072869707046,1.24269910463713,43.70407053066917,1.527708977135741,359.56978085923635
616,461.22747626058845,2.968640868638733,0.5094619403300676,0.08701721830278875,1.5847131088364068,77.10714694122163,10.927409007711603,669.0838468476218
617,39.928200328883236,3.1958975528548175,1.8011695940021393,0.5567849109281879,4.0441316174584205,80.16963741298304,2.9950460706097006,672.690947848295
618,145.67004759212983,2.9632874328945653,1.3519664319226277,0.8451208514960348,4.377443251979482,29.454398421138073,5.569063807580907,309.69166789003737
619,405.03862709860005,2.8904483921590174,4.213559510802774,0.7959263871435024,1.5123315873073484,54.04565076330914,7.525487490096372,467.3581519760923
620,376.6472482879926,3.0114553571674723,1.5667395879257158,0.17512314013035324,4.2934906062228695,25.399452050866167,10.882022526752442,294.8107331942051
621,100.4152994846249,2.825643928598603,3.944662358880036,0.6727646144124667,4.286154686848955,18.150301131164525,1.6984683488868808,199.5283982098983
622,112.58116843498804,2.5420996398205498,4.459360724053674,0.2205042634356471,3.8232547519243676,82.8896401113566,6.095496079161922,694.230637240944
623,191.53133036777717,2.893607771114537,2.1690870978826475,0.21820753455217223,0.7334755700759077,75.64060033856873,7.2760936371404314,618.8242525247131
624,247.41626274360044,3.1703376991537664,4.54971571927196,0.8740717733051852,3.451614234503645,70.80279214425391,8.112405959573096,619.4599003509902
625,312.94483804984503,2.622712059650362,1.8865902698159642,0.24966895274023015,4.725120322902844,13.901305505051234,12.27540962092825,220.72433008334514
626,190.76768338918848,2.9830034235744662,4.820392082450541,0.2632473465180112,3.412702393835785,77.49830341682059,2.5751729256482534,633.347301169506
627,236.64201090524247,2.6406535820613395,0.44644762262786464,0.0006533907612995549,1.6580842455391698,45.0435260724307,12.117471777399334,437.8641034817496
628,376.2607596855407,2.875079379131157,3.435096332516214,0.8706690341255177,2.502896587154156,37.39160986366877,10.393176415449783,371.05448625657016
629,27.97476941639297,2.5676735147527037,2.4690702022846436,0.7925948132091347,3.228625216755268,53.718108882030116,8.33806221298439,491.00795411853517
630,133.69410272857016,2.81525965538073,1.9382440272782353,0.627328935090678,2.5528520436425177,17.308259417884464,10.49291805603858,219.8079692452594
631,359.5412970834307,3.0293143302266725,3.1635593937430047,0.7502657639388423,0.5997647086548491,70.53172394819191,6.180266084274846,577.3609048152355
632,448.65135046672765,2.7433000669672873,3.519285458171656,0.1520485674244918,1.5603202232601032,56.59480615106367,2.0759637895218686,454.6858350851905
633,260.7219466366764,2.9654382071410526,0.021816348251545437,0.45832359458757543,4.011980152768163,24.9272077498534,9.98647860398051,381.2668528502447
634,270.73560778000467,3.0568149725528104,0.8347654437359936,0.3512193873487809,4.307090230477587,25.058575981523646,7.870084600284334,287.77877956746124
635,62.514285556490265,3.1490244736356168,3.5652302531715936,0.09377652625701649,0.6865001635778512,24.739892125813938,9.590622008141633,248.57860079256164
636,229.23205974349278,2.6642494572988173,3.331927067891032,0.4861304852149241,4.761933761993623,14.560191004154719,5.0699817154273505,188.92853106036588
637,270.98246056296136,2.7795211410665157,4.830237525643386,0.9207396503426354,1.6441130892430467,57.02387594973479,13.602998660097539,522.35028924247
638,128.81054678101754,2.6066912093312924,3.805188951253915,0.04005911905069448,3.3115686936535997,77.22785420708065,8.810548028633654,658.2758563988424
639,141.92918316519666,3.1947384515108626,4.75386353865669,0.2914609134937939,3.7591257297834058,11.399857118991088,1.2810372643631074,136.46941517732066
640,194.8692399212651,3.1489006775470068,3.512702507674035,0.20754093620570346,4.059731173189417,13.920371597701884,6.74705986056643,185.19331917512858
641,19.83488691108592,2.877969991196392,1.4902610431972159,0.23814665366569632,4.728748511129651,55.82162213495566,11.345340821154515,532.841073208753
642,167.81879113575735,3.089423306063495,0.5268246112542824,0.9084345518793753,1.5645977401441131,75.55965483088418,11.912018425984085,669.1231881135536
643,113.60952342830687,2.8646705840904296,3.909119316724678,0.4680690542342901,4.292532272757772,36.13911124549069,7.418955791456382,359.0903982831261
644,170.47370256717818,2.9365099816019318,3.2207461073795796,0.4662994129398188,0.6584345171810352,37.969151904617775,13.421213562469516,363.7861754384415
645,68.6834445914331,2.5623871024812117,0.24093006196648115,0.7605756424552823,3.5252045317679634,57.70771979974207,4.015026557914464,532.7638504698015
646,446.35836756254855,3.0286892943477657,1.8002523295048918,0.1544922040049258,3.7098886475699295,31.93703112993176,6.158980458573999,317.29874354435736
647,300.86030224148385,2.5893994385446644,4.783999077421431,0.4872653541000508,3.3886162060066023,12.12866928621473,13.47895365853455,197.19214726338922
648,342.7601363807999,3.07824734117677,2.5020057285510062,0.4299852141210597,1.261573680675765,68.81828144812769,13.443850747073684,602.0254483652899
649,396.69390691759577,3.04741966136927,2.163645680098523,0.5969106905466561,4.365215735076017,60.05199303531625,10.285691532370214,560.1331835758452
650,254.23667747523805,2.996121288420084,2.28849802579647,0.9995577032504386,0.844292316851975,56.46047992445273,12.884708206833302,510.34512546629867
651,52.59094116283761,2.5253122663673335,1.0444136200258187,0.7694488940820471,0.2681739576041542,69.33473031934585,1.33159900434349,550.3325202625931
652,273.18220549108844,2.7121898491617302,1.8435358543239762,0.3978657030174272,3.587324953059561,64.018467004963,12.974924643116644,591.0068497747639
653,297.55214783023075,2.68417879893759,1.849066279935883,0.827553052274047,2.3773785761636685,26.470559054265692,4.809298598253402,260.7311673506503
654,375.2653423503217,2.7520954852300634,0.261775100937362,0.17070836331248018,4.24549009979338,38.19848375546809,2.674972686423245,379.467442828068
655,221.5131776525429,2.561349922734687,3.8378381425895913,0.030463686308960125,1.9169857052912946,20.08881133429,3.590547545130695,189.52212008570464
656,72.51434836982625,3.155870476121744,2.082522159519395,0.20444837246427305,0.8413929425385641,20.38856107343048,6.269527620208306,200.780586232636
657,149.05019384137498,2.8876615684986637,4.110899434082117,0.34041155611425966,4.182210962349348,64.09565970852313,3.7678800690670085,547.0219036428884
658,187.9103252353312,2.7138670174606165,4.251740005599477,0.5105807574595599,2.7445481582003586,78.68800855859986,4.808513790247486,647.0118172440399
659,326.4994482524846,2.7778870619519984,1.0599702734932903,0.6151291405411998,0.9459789619517744,87.01860670889113,2.0246772910746316,689.8403873692371
660,289.6813692877668,2.813041778353385,3.2867674108506426,0.9106057172144217,3.6019199929322285,60.267769403955555,4.442651483384978,522.5282054886153
661,184.48739568994466,2.9204160333524323,2.3614090208149086,0.5098540095504577,2.5555681924475024,24.728105868876558,8.584257218130018,263.8276005285512
662,493.39247190856,2.8609755993875483,4.400783689607425,0.5012756446257294,3.021564911201599,18.452027635914455,6.627805621365959,207.12472657323028
663,306.8296614848747,3.143574381250092,1.0787033958822705,0.05024300982298213,2.3044916910329096,75.02807772294062,5.200781418538668,626.0657536624789
664,126.24112795063729,2.847874438034081,3.389066001550221,0.03491155265622381,4.143544919090032,56.30051810879994,11.196781932856709,525.3977047179344
665,59.873411583997836,3.194510610376319,3.038760611263613,0.5511599619163721,4.147813578415249,59.46280168109759,13.402649570899769,565.966908938355
666,84.9009782003227,3.095997470421567,1.476507387859164,0.4381786132483445,3.546944109121931,72.51696710037675,11.351838343535956,647.8639087366729
667,130.519286908409,2.645957360050135,0.6830045182558631,0.8391803949802986,0.5270068869823114,66.26217821859612,4.9800105317651875,548.0720615586586
668,88.73387289718228,3.1514166502507415,3.258198802386383,0.16067958471184518,4.194269309520344,76.75666022848773,11.166632517563306,682.741391803131
669,101.41784178513983,2.5814564785198333,3.6929872906616534,0.024971662117049598,3.355064902664549,14.497112436790278,2.2797027371107683,157.14940267861343
670,149.69663265998508,3.072214795943834,1.5781367188167499,0.44903876793012587,3.4851208300214975,69.80165093972039,1.9547698213693638,578.612144339011
671,94.95306169442986,2.766436305433606,3.224163020111569,0.23747855675225749,1.814914202019358,78.06822058576763,5.184405555542384,636.6036667817166
672,449.41505806694835,3.1145820243115487,1.9756545380575163,0.04961437333883745,4.396397780785033,32.89080339666515,12.115535535660856,360.0863638863803
673,49.31453537420468,3.1076396830752153,3.5660344164130886,0.724598286847629,3.6268580011742872,61.23578191946023,3.695223708634528,524.7219984154352
674,267.0105808894248,3.064147780082335,0.9960763744702655,0.11159299995724747,0.5629523326459723,35.13296510695777,0.9488011334801938,288.966818393748
675,211.09444522493413,3.0530213054149433,4.451075013180872,0.6083195000077717,2.0388901720308135,86.63768531859633,1.9756430280953263,691.069129847135
676,491.36552228521714,2.7132753973686285,1.4370479823278988,0.28104975016688916,4.431901809800708,12.6738857948403,12.881174527943703,212.5793965918892
677,64.89906206234565,2.5566434981358763,1.8389299387807645,0.17349605035502202,0.23598350848689498,56.3834275066364,9.506749271209314,479.67939655902796
678,204.9492435324134,2.782086125135613,0.2904597604017489,0.37975152291931746,4.8070830982102475,23.320283763961207,3.79801745054965,279.71345600320336
679,485.04051230493076,2.621467160490556,0.557561061606382,0.8014457762229537,3.395812841597814,66.9776164141727,8.32943737992272,599.5465996956212
680,434.09849168805033,2.9864657622317234,2.5793095135616406,0.3920935769045727,3.156879888216883,24.07122267349297,7.913694336380256,259.9703377617752
681,410.36531476514716,2.74226980857645,1.3379633836398575,0.7507696492110557,1.3527962824399569,28.830660951868605,9.83153967660992,292.26665708223146
682,136.37238525202054,3.1829271406019406,4.177401128710972,0.1254862967991507,1.2439589436958853,49.54966488366065,3.497813316324245,404.8116306555943
683,93.73491782113226,2.9486804541417326,0.07346694327476921,0.7727714196650791,4.710291097442977,83.18679599975025,12.966044807915965,815.076796856321
684,337.6351777629712,3.0757363945440526,1.8954702433596808,0.23693332490664865,1.4913622711706136,26.937149771837667,4.640528431200193,248.0766854248586
685,465.39423467251703,2.592767270919294,1.6867277338454634,0.6773931298888728,3.877526483594997,21.539201689448284,10.411974809643553,265.055310430564
686,282.8138175768256,3.103410137590836,0.09663815458800518,0.5657815548409963,1.9656089910353958,70.71814654832245,0.24186969558322335,618.3012209219005
687,290.09021784025094,3.145930033359376,0.6218419950025511,0.9291447172116873,0.6962703539235199,50.04956258671448,5.5898569484122085,441.4929632541773
688,147.18975589353926,2.8409433431732554,2.068213374593176,0.38732251797531403,0.05357648847679475,82.9428089905417,5.275647269382125,662.3920736268091
689,387.0515372640491,2.9243770564256844,2.4643229222372334,0.06616518883444045,2.721286685076254,21.729164572787383,8.152266428745218,234.16791950478859
690,101.65143679318645,3.035366860632097,2.0214487362743454,0.019155485551252904,4.878894092744663,61.67423144184315,1.0910439266579475,526.0975931419886
691,168.6028258380794,2.6223870390822888,2.654688392060469,0.8268585609727531,1.8456809690460223,28.630331692145205,11.851970605891625,304.48100400700145
692,218.46385492204422,2.8517962535244097,2.9756583745284075,0.5247356376614322,1.785961669965224,22.540834292131144,3.266712026513528,212.84211863040426
693,258.729085555383,2.779064119440619,0.04961910563917815,0.7752440518349493,1.7204580892472103,64.67435321258165,10.155567223230154,644.2306895444551
694,128.78076888338933,2.6024617945135744,2.3204757972675196,0.2344256000115147,2.602719186524292,57.49476959269866,12.048181848661399,523.7064321867297
695,66.27004412220973,2.757274095604072,4.8174962044379415,0.34508374551323373,2.203324417121468,70.3861966689865,8.428154343622698,600.1053043436308
696,309.20382079639995,2.5477206165698454,2.5951614006477435,0.03010387221131894,4.399573133635072,34.75700611569459,11.113248100829782,365.446389088713
697,151.42897108772533,2.518068334864641,3.387711337294766,0.9614923245741122,2.5276039586174512,45.837732510575194,9.927904683225083,430.97719159909883
698,294.80672849708003,2.5946164024083758,1.559319289584416,0.6678679067008134,2.538789190942844,42.43773410643348,5.3329469572801145,381.95524520098735
699,85.63773048435914,3.1741805781124217,3.8699568907638127,0.9332050877593062,0.691857973602783,88.72715711732114,12.13287808550348,743.7878697699468
700,245.75864990886058,2.884670675126512,3.8646074093805756,0.2654964074290723,4.91369770455193,33.37991653915103,4.420520548282919,324.1343176887139
701,270.96882195027706,3.176075512807254,2.6064802382706946,0.6114636112256608,1.2498644543441484,33.58537906774135,8.568193766272758,318.0059687669507
702,35.39353304298918,2.8027485148310927,4.880069116396068,0.6784999682926378,0.36682033729801333,38.36385670628859,11.180966087123092,354.3410199749596
703,174.93609631502108,2.718271293159682,0.6277510738132669,0.31754970025758844,3.315731244876044,55.16752650322572,5.684338647187614,495.18445260251156
704,75.86319170009737,2.8542993039881708,0.08473832444790497,0.8481092350156301,2.976831850784363,30.18581954109962,4.541514114261376,357.81915706570624
705,41.053735531656194,2.807658182043037,3.8507910587854797,0.9471614629002478,2.0757282699637285,83.22319523034191,6.890190152592341,694.5352302963595
706,495.08051387107315,2.573965278983221,4.035777686824413,0.8848551176960043,2.1109611694033905,31.25484518930108,12.269452415237303,328.6846952581912
707,167.95338403761426,2.9485784202831447,0.6010361456028812,0.7390669759393725,3.925319605232156,81.66525852481557,13.948826447184972,746.563611132119
708,406.8384784687711,2.6512267277567196,1.3279141647930304,0.27746467972495403,0.9785632004982453,18.278005091726772,8.176251192898352,203.0526094026209
709,134.77392083424428,2.933711568428481,0.08776181683314455,0.28161604210563174,4.101266594724448,62.525016191972185,9.921993079854778,630.0284574146916
710,343.93633388972535,2.9551407646787076,1.4665430539028235,0.9633603204460379,3.2437355694750907,82.5588414750595,13.549104333583713,736.3460271282077
711,382.5116513459464,2.6064173971900537,3.8657093695933575,0.010284495935692028,2.094848868897622,23.499955071858363,1.478202771194136,205.00503292103892
712,301.8629828978437,2.5429447389774675,2.5898026385628947,0.7160499732421445,2.290143082919343,87.4661568079404,3.4811786679924754,708.9154366187773
713,241.0723323895776,3.046533110247908,1.7404779658414404,0.7062461625552622,1.283236035930479,46.230668833240934,10.633500093773737,428.26335524933825
714,211.80204793216157,2.8218602966385244,1.8586964745316514,0.6226895409497974,3.760571663484874,85.65720867528196,12.356166928684495,753.1845000406636
715,180.9454506060677,2.540714656853833,0.006768128577340771,0.9901088460868658,2.564373711526339,64.14560349040376,12.855435424958669,698.6000516985257
716,465.46928068143467,3.1964064220188373,1.4990026378261794,0.31187943576372523,1.6042727137492179,34.12694958988412,6.226607652823989,313.34762688306506
717,417.0035098159873,2.5404463926974565,3.2322937081896526,0.3399718637932482,2.980250578804751,25.064201993368513,1.3400985343780025,231.27929881496323
718,482.86318622659115,2.9865246602009874,4.870972219081786,0.07893940294655555,4.978672260256615,34.29880369800795,6.566722159494299,338.2000431926581
719,70.90563950791692,3.1885752476843896,4.235304134919497,0.44279813654373745,2.176311398282769,17.441392741014,3.4610188531058066,176.81591199599575
720,368.1250628497857,2.667426072951148,0.11797482322764563,0.2610485262348481,4.603457003893098,21.50943730746638,4.367946824949362,291.1039258080908
721,469.78682384230854,2.5995745580810374,4.492803023374197,0.3433867021776442,1.7250841996228305,18.37283522771849,11.584013352562588,217.87050488434957
722,98.80420242117347,2.5849694575957,3.91599206649313,0.8345717902556277,0.2736635346249294,43.83548349932462,1.132906290388303,348.78071772253395
723,42.58317100972097,2.712292603297317,3.901880617854902,0.9354845135274957,1.0212105318421445,73.64627010060691,12.413718262210532,635.7089207442855
724,373.14911815212895,2.5707320677074526,2.2899787950178574,0.18573307200518563,2.0934757166384212,21.310684337307215,6.415036287362536,220.66182078842266
725,291.4918254581568,2.984512939185892,1.990026464772514,0.37250893155346587,1.098174642972845,20.425634653786872,8.940958966508926,218.16872409287384
726,422.4961006115533,2.543604258691044,1.514578644165963,0.9286305621153941,0.0011351910912776875,61.47431596138646,1.344783468535185,482.95422595644646
727,78.48846454688186,2.856595489704853,0.3284742947718289,0.06180846068922263,4.575007688737636,25.7746385574453,5.060386175359194,296.88116535604894
728,399.6809828113462,3.1976877976970837,1.1411768174684955,0.09236052811137851,4.219397056154645,17.808803048719327,1.3455137852226868,195.3525976494444
729,108.79738682339482,3.069779188654213,1.2330181748901232,0.16279098920622936,3.7114611574347354,23.34788625644621,14.423155843216643,294.1803889841017
730,90.19141200419521,2.930653606761708,2.420385348551008,0.5952128341268748,0.8390729782301432,83.89851167014208,12.108924739893757,710.1362847564025
731,90.49024098618654,2.714377534550628,3.7372220329834698,0.15047227100599747,0.6018178810499303,75.71770022209526,6.894491315346904,614.2651493562006
732,409.14161291337723,2.936727085404147,2.3690491419897333,0.9680763814507335,0.33802374736191576,38.32516498840753,3.3540382248550666,323.62940089402406
733,335.94663814113807,2.868929024738156,0.28922224723580303,0.44671452725852034,3.620145943864606,62.46566138619143,14.001826578747783,607.9118530078304
734,266.3020581368685,2.79825836872326,4.78894900494102,0.5015179603501664,4.644039803439426,52.982053893443045,5.168948935904576,479.25443177292027
735,185.82693722051621,2.5914972637181397,4.713621595470562,0.2466586158054065,2.152679104565185,64.16994107860512,2.4147664753106213,518.8259298708751
736,439.82826499842304,3.1206229506683267,3.925947715742042,0.4709602524347335,0.5957033599802408,64.61369219702075,8.447465826809323,539.9072021546932
737,202.29810263709135,2.8148492541749257,4.9566395078211025,0.6619136326370115,2.5619641036605327,60.298721204799435,14.156611805172242,563.0346008108078
738,410.13372534107276,2.6362357582745357,2.7224116640013145,0.7511771369540428,1.7441595372931507,31.288109482984687,0.05745435750483863,264.9462044794475
739,225.17610519940703,2.7574315456141028,4.813841751266031,0.753868082709913,1.8741246217499885,13.12051366102545,3.5718726488099812,144.33643892765465
740,194.70277041820472,2.789890826770249,0.37802520308375387,0.5778911126940883,3.106653120778536,46.445342559208704,14.076714606156115,477.3332936292634
741,236.71309497810716,3.079276526896812,1.8284037413068566,0.9043597749938572,3.5935905663110117,81.2779107752563,2.5662895028574306,676.677888857366
742,157.67515834042962,3.0135300663929816,1.126906340033829,0.8174078473061094,0.5530179943658042,55.559780681486075,1.6986517745972978,446.42519073332403
743,376.32859628636305,3.038513425548938,0.9791654206713502,0.7570481146986254,0.17795115403238193,76.59128333615263,8.552808236997066,636.1380570928465
744,256.3329911453148,2.507721885100053,0.7040147444633804,0.05560552168046062,4.971651513428574,89.32994743689825,12.927657349422448,799.7891669217573
745,123.78422062194048,2.7913077987258332,3.1120682078299833,0.006877962219649314,1.1636417445777592,23.0892963310621,7.156647265408892,227.42262228031393
746,450.7915409045385,2.8369409061447266,3.9066092787365254,0.21244727719547296,0.2691526245422954,65.34221113135858,14.918463850267871,574.1522937968479
747,198.1066984728736,2.5134345937761395,2.891491997101803,0.6635235939134523,0.9493766454795999,63.943485896001974,10.187575493069893,550.5309781680439
748,276.3409019458544,2.681869246121524,0.7348135479410484,0.4111974888825458,0.1947892317423211,88.39643578866227,1.1111236081567162,690.1967695229333
749,454.171334372628,3.0322028761854947,4.055618849667354,0.40240625929931173,1.9590544730858583,88.84805871622403,14.89248197522963,766.2556466357595
750,315.8766179978561,2.5959767940102996,3.1797735358186423,0.8845868882296137,4.012008922256621,64.93428893793036,6.118413551702856,570.6715180418813
751,67.2800399470984,2.874717092016814,1.9408285306349775,0.8955628481318387,1.706222248788603,29.48918335857554,4.311038007682238,275.0867809014761
752,470.5177405706028,2.650641310412066,3.370651477680315,0.9091752640535857,2.2209170343918325,73.88446705044792,8.368187753668284,632.8251377623901
753,317.57694600499474,2.5084845422507254,1.2995248962141641,0.3138780765150273,3.3779338678371937,18.562330736883048,4.564613877312965,209.84032285284405
754,174.1037511819722,2.668841020319679,1.7259610424710525,0.6910558127392618,2.544470350349401,72.45594433373029,1.2968626068022848,590.1213765589525
755,78.24331560505976,3.1831116284370378,4.587429215659951,0.27163318127436964,4.307228430106621,82.81568993157572,0.02142514618765079,669.0185249567656
756,399.072342742445,3.061075978318093,1.452522528357102,0.19060983307444979,4.330178375228782,40.626671581474824,6.743750293803934,393.1742256980448
757,313.8356504049716,3.1717036510247234,2.349941340789683,0.18463245734736922,0.04955347745576821,60.45082359864644,12.552951333398884,523.421900349368
758,271.39593506839753,2.841497830748454,4.450705686980073,0.34210762086359403,3.8902315324159957,44.411418567746104,8.584727784451148,418.93402333470726
759,448.0073656949692,2.5768153390742525,3.538606751337637,0.4299576197798217,2.3036680012083695,45.021204399050276,14.988109484151613,442.5757775770593
760,396.4126335000201,2.883571642281585,0.31101613082351376,0.8309491710550684,4.944202706518316,34.82967112864961,4.302699684707999,371.08161769807685
761,84.32069106904808,2.8180641341919728,0.7365152213948517,0.1198910934727121,2.4161603793771755,70.97036963602596,4.20682597140083,595.4943947254214
762,162.74381321981863,3.0910499579177313,0.03920795385958409,0.7349258473948942,4.934479726941488,84.89412513332041,2.3962419035091633,794.8384027012265
763,131.75967850908822,2.568657806548971,3.154608951145817,0.5314549141893053,3.772846806028683,85.26006873875689,2.4609538239800277,696.2582736680628
764,374.5336833606117,2.841768795915245,2.2383671270520917,0.2879453426759925,1.2430244230665317,23.982502789994705,4.277798940150717,222.03987159140556
765,26.430893020531897,2.605034065285789,0.6713742545113777,0.4928195845328246,2.6919748964347883,79.97949197252528,11.892600679102907,707.7711710178829
766,289.2459455869451,2.727273148823042,4.7896706052838525,0.29994206977702265,4.960678197392914,68.99451531416977,13.586351859546719,640.9421382738105
767,383.60475601293837,3.01614995417146,2.6482986197280995,0.596081955238306,4.287653038759618,30.226992055223143,14.62630754561522,355.07233995858434
768,439.61516201325725,2.8332126905581365,1.209466470564446,0.4338439228552442,0.4868344689561055,15.382769033721164,3.4843448114467894,153.59434250165316
769,177.62005687079466,2.7631217996020387,2.5030178557735376,0.16440552907887873,3.5318599840499805,31.439781350750238,13.219463184211374,342.5000202381338
770,412.4160792892863,2.776133394999025,3.398101663675539,0.11658307455569672,1.7278979293540653,82.97665894252205,4.923826339160056,667.7420579412349
771,64.20955110805154,2.8216127378841906,0.3811960898678224,0.5466956820721302,0.03491130940174059,60.65429399166178,1.6926081677532663,493.15953009118465
772,424.76162294991394,3.04951158068594,1.37351907523946,0.9024130332861034,2.017404845134998,67.68437287182975,13.050373882802484,611.9753131775195
773,72.46944454267138,3.1244592822581643,4.034827454419968,0.34395768655768555,1.1737721086248565,30.572188088727668,9.541584519654279,298.16542769036334
774,204.67077237457997,3.16873428055275,2.298324352013306,0.7330001072226232,4.094346352602358,67.55105244598562,2.470963441215926,571.8672942540807
775,400.6747292319813,3.0508323703787066,2.7328857101614745,0.658661354939767,1.6866530442288274,12.2497205022339,6.447468862695038,151.50544063249362
776,83.45953940089915,2.720784827023609,2.1640800110473464,0.931554914309481,4.137618469769086,40.0257076618411,4.308865423156015,380.9426397760645
777,122.33318366399433,2.9816942942605795,0.2194997132150256,0.8209810172991409,0.0029896941739765426,60.1402678833865,11.051918530652955,554.7266309801088
778,363.9037585126025,2.8063221868387744,0.8287488991007796,0.566605258905463,1.5390957501305957,21.687725243305618,6.801243459364021,232.06630652020323
779,362.8179029075764,2.678269435432236,2.2277081937094545,0.6570304982341073,1.2058260715388096,75.84028595575478,14.839199176595773,664.6287053044712
780,324.16234011379566,3.088610105598146,1.0459273270396392,0.8983864665840349,1.1678368053430548,28.80250390495349,0.8211747338939268,253.06791484919694
781,350.034737788879,2.5268984442736273,0.24989514329839368,0.3995187845869348,0.3409330988273135,62.182489025475704,5.3252289920437,534.2802909931862
782,275.9349772403221,3.1312333944947968,4.218248320259119,0.32679470585777737,0.9356213520525086,42.41577140602637,7.2285025066496615,367.5296653278118
783,133.38153886440685,2.823034225237314,4.905962645820579,0.010811083635196339,2.777747849428099,57.68348763821177,7.547003321224796,500.08744978974136
784,179.39103681692052,2.9460410337657965,3.965714369983697,0.8265510741914642,1.4568053641887224,18.596044210312648,4.739037335784552,187.92970520584964
785,98.98288123269857,2.961547745544048,4.268924608523335,0.8009807004033649,2.0869739116457398,11.353023993728586,10.93860373646352,171.18816990490834
786,455.1407750534779,3.126582418494576,1.209885651585227,0.10445451810015138,1.8843344017359427,82.7651541904241,13.121206102334622,712.9043921119966
787,295.861979435399,2.9456687775170454,4.8031348775659986,0.5768573811327002,4.379524624999473,31.570400701374624,14.080789529667946,361.2296378098177
788,206.41719421418355,2.9297535093320435,0.9846285222671419,0.4639816981668874,4.526494995052578,75.57416022243673,12.076400651992893,690.8971335545265
789,236.38284378562503,2.546656428392483,4.7571490518091615,0.11870909550911146,2.4647848582793004,89.94802403777601,12.758702959598992,762.9385388222205
790,474.1688364097895,2.862885615361643,4.974096469829755,0.9805682270607236,1.650779751578022,26.914500639912895,8.258179509299932,273.8940630955229
791,85.1421875268793,2.605118300571929,3.5586140287302435,0.21469588746335544,0.5340035200118182,31.213659294668446,12.38832339640222,305.3846364207688
792,297.25261768823066,3.01620363810504,4.90571865895911,0.06723418009056115,4.767014396910475,63.02878301077325,4.552558637219283,548.0490108601707
793,257.88545265338837,2.858555344568872,2.847698897835518,0.5948473795019096,0.30113472450148726,87.2358907680497,5.977181431638216,697.2379254816277
794,309.61257536297745,2.9761594454458473,1.2977089158804516,0.7388666771330327,1.488251387841402,83.26514785525951,4.753695207278165,679.5451208372853
795,18.87399007221185,2.529171030421669,2.1849794283281043,0.03244344604718696,1.4903310058500208,50.23004160524679,7.010810031718881,432.35900529831065
796,437.34071538263424,2.559354411232062,2.96780467689393,0.6587176387270222,1.6020064307010746,73.60882260213798,4.2836942435795455,602.6021214100119
797,466.73795841697006,3.001426371643878,0.36540781013507495,0.5322918759514544,0.8214342163620464,20.859668247992083,14.424171633816702,266.49531019551824
798,286.9152599587124,2.5504590351990712,3.1117163230862306,0.10326500887504841,3.915807154618486,88.19505473632098,4.692669420085022,730.2420261780867
799,351.3589036996772,2.549879709435681,4.905889183811473,0.17252387694636206,0.6124893098299461,87.14825872287892,1.4706680716640974,673.5293219267876
800,462.02469677687486,2.508475932664421,0.9505382489186381,0.5679742973160805,3.174533295765814,23.098316630333677,7.902257490756201,263.515879269259
801,356.5469308135653,3.169550978809636,3.9629755814419165,0.2963576135132884,0.6192301335290873,33.95384998424853,0.8564861766776455,275.8321281579259
802,84.74413102798806,3.016255851621305,4.539493968898097,0.9383157286513161,0.3526781879647828,18.012399800541353,1.6581474946287078,157.98835399585266
803,292.38129648173845,2.747275985951445,4.718507964101104,0.8187402294840508,4.547147518429383,31.737407911854376,3.290840837943694,312.66945734279426
804,307.2903727275994,2.7075749069013586,4.8006780220272365,0.983567206513663,0.9506438315935284,75.27646315321653,6.965253748232126,621.0965574442441
805,217.82402893816914,2.744792260822095,2.6072981936073596,0.259670838950414,4.106250772798521,40.26524857322076,6.498763984635419,385.24921121769046
806,370.8576754561142,3.0422574718268276,4.886539539957519,0.969723632797977,2.723154355535679,17.07175737174067,11.995377930041867,227.44866623204635
807,467.8398372368173,2.9629594277492903,3.7865510356721943,0.43123386979155787,0.389282598043848,37.37804198231237,11.092119808261701,346.45221082990764
808,463.5285713243204,2.6296368975072277,0.8083571811848095,0.3475187953137546,4.777240957190338,88.51066673930241,6.39477440986052,763.4354847261588
809,230.91129198802474,2.6218765347338593,2.38450053233985,0.05034952696935324,1.2348058349594626,60.37468762073623,5.005563113634449,494.75915475386614
810,65.48664246197006,2.568876954799378,3.59165587686002,0.05276525785960262,4.2982267267630325,43.29287571249262,4.747031760922479,392.5774124634756
811,492.57218749154396,2.9622119037909367,1.2367015790954166,0.6920112559466547,0.8440500289228209,23.323081079781602,11.609926309410135,256.6611656570022
812,421.0600623585077,3.0350608635552154,3.203075917744437,0.4579289944340279,4.269714410709264,88.89414378269558,0.7810860933190461,722.9222068445308
813,71.08471378960076,2.6855324998275028,3.333002395233096,0.2265216260361057,0.06614406452646993,75.6679207410503,0.1923247426590874,577.8922541798365
814,461.21252248251244,2.514661472721639,0.8134987190428294,0.6139703063252326,2.5589022828474035,32.51818419607355,11.933165878899722,349.19766660328764
815,436.24921741044284,2.5575201672334993,2.8254265622637815,0.2528581182501112,3.847212897107784,15.605495657695156,7.15719563983574,200.74861619152966
816,264.2306479917753,3.1775020243915213,3.8581345548930384,0.5776317543444226,4.6739775874639164,14.530044590204643,1.9632170783036396,171.76806823697117
817,299.7249635150153,2.706811344234194,2.4944783226797096,0.35920874698269034,4.546010681032435,19.630251960442706,3.533489018917519,217.89455287604991
818,205.51132489636382,3.0384562034866938,0.06051558388053713,0.823552226611819,4.098124347738224,56.46148668915373,13.987559296460738,619.9368325988029
819,36.83320302279535,2.937264498197985,0.04519234539646089,0.8206961607667793,4.440956748306521,84.30107369643939,12.89254463437347,835.3330380513318
820,174.24664840649146,2.767357747757027,1.785146719850061,0.4773503981224013,0.9960984291853825,49.739474240478756,10.646775753359588,447.8419274607133
821,403.3981898130256,2.6439810835368887,4.63097034215891,0.3508191093350156,1.4209214785586437,77.43563859649578,7.233378455059898,638.6879376949263
822,12.2696912722554,2.5849704927115846,1.143383898018044,0.36255979655909454,1.4448426246052926,45.670929588784624,7.804854392870785,409.17066338559147
823,173.41459412866064,2.9305090776272067,3.171818444358436,0.8057145256682179,1.8852696550084942,66.68668366142602,14.628668029259378,604.3305395029569
824,205.1026598595622,3.042243646446452,1.1103793534666029,0.328179482797612,1.9666033519259436,68.54981898292007,14.486556658264307,619.7656087181136
825,273.3238454395822,2.9507329774787916,1.608349948297743,0.20905937370684602,2.7227766232733774,23.91709647226709,3.229035686787514,230.32521077755732
826,460.72925204225265,2.871211493274411,4.24021044800742,0.08468834187530683,0.7993988168322069,38.89728471806494,12.166568494579773,364.0668896017017
827,179.709537239321,2.5293658564021455,3.6443072113497346,0.4666931208844084,3.4562333189299466,60.98417252304191,2.958639992505252,514.4825092183565
828,180.00706892915156,3.1779421443160687,0.47699638656605314,0.4821320989198419,0.8378326965225324,15.655728654749295,3.2030621682592706,167.9942996390046
829,371.3756115737767,3.059099934158202,2.143510104932168,0.8409087104029072,1.5515424105227376,38.923215021036526,10.141395512468652,372.2041739874537
830,231.5867910360055,2.7049754256906753,0.14584881822632234,0.22123869644606398,2.51672565303077,52.783957302495395,6.075016478813226,504.65150506851944
831,120.05636324059117,3.1859792305511956,2.404450733015045,0.3809912736683999,3.9822028076173863,89.6979594435711,13.973166106597803,790.400294242028
832,231.69536290501978,2.9213171127454256,3.31217005850534,0.8084057388936909,3.697346166193636,47.96268500979526,1.3351460234401324,417.6836613896411
833,79.01993998610193,2.9076958607450725,0.5925131179907578,0.8236236107489735,3.227671782052611,75.28454056914589,7.672884612142395,659.285154016956
834,96.42962338804942,3.0236512256006725,1.4444246945458283,0.3846110759787682,0.7788663029008508,44.56538280532942,13.777822956646819,421.46726716783564
835,254.20020864234507,3.0682388516630965,1.9891831275107847,0.4591240232866809,2.7352267280778886,73.71125780957671,13.561704907192578,664.1491850965177
836,215.27347025722847,2.959535025132052,4.597655123280249,0.3032858908492829,0.4372325089994272,57.63318412960867,2.3479382012361185,452.0017941634292
837,458.274491523369,2.58966702245634,4.96627507711482,0.9325548784193121,1.8868158839832538,80.92763532019187,5.499565501446847,662.4194733730486
838,187.57301056715022,2.736787254196149,0.22455649497807928,0.11864376574158031,2.0675826514497957,42.875404188008794,9.286821000700444,429.87146498912176
839,294.4882916362413,3.149658548228235,3.80503961747696,0.93374942300147,0.19905719722876913,58.34435358571831,2.3909232715710327,459.92900774241986
840,319.8095010805699,2.6572309282906965,1.858620332011716,0.6838664518353432,1.3699404973498592,60.40149444950619,14.52033258068608,552.0780219388313
841,16.41628372828348,2.7605169166862593,1.9622909311474002,0.5315721526867312,4.778247336332447,43.39063534403786,13.721239930914905,457.77411759370375
842,335.13331228818816,2.802453818060937,3.7713248667351134,0.032659060784495875,4.7681630391484475,21.54496349499852,2.504252685517038,222.27058262575653
843,97.2376237661782,2.8075834927861165,4.5921321607270436,0.4755961918220083,1.7616352712626964,17.484752552986844,1.8173319189147814,161.3456204813174
844,480.92445556003304,2.929057707746168,4.754642972512742,0.4077481050027323,0.21550054474162028,11.333724047970648,1.2811272421239794,97.22792037744483
845,82.84473659902535,3.160153086421295,2.885612930191604,0.16121881197512256,0.8954746966409077,79.88274113961717,13.641654960549467,683.9388666057606
846,213.16582062624164,2.6684848982827534,1.785605796502514,0.6564096035006569,1.9610889671677008,28.917992979095565,2.904357146931912,266.48378788946076
847,51.82133735853549,2.5850509634106427,3.937745429293896,0.9711509073682858,4.738898489846149,26.920539942541446,6.244273928165321,292.39118135183435
848,498.4683834045142,2.638229342901956,1.2550069163115012,0.5621888110645251,0.7059953176859246,68.88283203408524,6.732770484780045,573.5684145823213
849,256.07555506230887,3.1208474301464886,2.8203701441675886,0.7147532764439458,3.817579218341061,35.60128904699134,8.985165663203514,364.33906064862106
850,301.73865848682146,2.952067568858644,1.7928923076243657,0.06845045256601678,0.5434126968734604,50.483575392946925,1.0760301562113743,400.3204573515923
851,42.867473920329466,2.700134752467412,3.2831553685393806,0.41766699581699473,4.906287886956385,23.0008852237965,3.4013792610077394,246.06916904188188
852,377.4806304955971,3.0711628572780323,1.2019945644675345,0.11635848516449587,1.908082495545675,86.77965771695754,13.972355803783891,745.9645435032584
853,112.85374061683703,3.1029589974544054,0.9579647286741289,0.6127958355365104,3.8761726944952803,78.12651200137898,13.626151609028543,709.1865801948165
854,450.0466018259497,3.092560037083195,4.591195433377186,0.9384821582141546,1.712955414055659,79.10316983720026,11.719359711085383,680.2069910280441
855,110.51842383618352,3.1432485735476883,0.5090184147476845,0.6617777324716385,3.1383443857940434,42.541899885760415,0.2910186842732315,378.5723527315712
856,103.43698312519662,2.676568714121353,2.5297895386746583,0.07680304831442153,0.9600804237001836,70.98889709657382,4.9051015274415315,571.7364596206489
857,27.90933724556649,3.028529350122395,1.1042639148150446,0.35466620498508283,0.7301050964848127,21.510092431182414,9.419381030143617,232.06083966523065
858,241.31280310389963,2.822377648091898,0.19464981662833725,0.5506633794408515,4.690320697840656,10.689520207342422,4.127853176602136,198.2132399339308
859,286.77215529868204,3.0893989870230434,0.18009409145713196,0.4032077561332522,4.588236389522168,11.59783460624225,13.64380042580666,249.41909103707204
860,42.19723331989266,3.0099434740131294,0.8761088605291367,0.8336440104751723,4.437344701064411,56.928138992364836,9.508341927486628,542.3313058079352
861,390.00853218055516,3.0435132125498074,4.333851772530001,0.8146710047099892,3.1271672508329673,46.43159241983526,1.078600759746684,396.59565887031823
862,232.11152902653353,2.95931328637675,1.4123937198851333,0.6118310201032214,4.041341056081391,51.44122791268158,13.635083832535546,508.931853752669
863,266.95123197051424,2.6242001386287948,4.752295852876479,0.37345794513270525,0.34518468455687457,10.597051233377552,14.366499872643338,162.90465847132631
864,225.9737459997318,2.881518843227857,2.908111464945968,0.25533637376324414,1.6739452094533958,43.81492957259405,1.1656862758758824,358.05518320402666
865,206.37389982890974,3.189268817667156,2.1830709488438305,0.10587431821312931,1.5685156237857811,67.44545289606887,7.985403522919723,572.1266288597457
866,284.22376234102677,3.1561716465479837,2.900444173347273,0.35489768348655404,3.1782266097630663,45.41549615739487,4.550464233212557,400.0065428922225
867,86.06772050604913,2.530221615057908,2.5834919261313387,0.4131725172077195,1.7797888673532025,68.57753650497779,5.892586147221036,569.4092629199309
868,99.14478394268285,2.615370371010606,3.7938812687866257,0.6758229251040736,0.742533908218404,28.641517151746783,2.6947682693301283,245.47584288666602
869,432.2749542966235,2.5922101414181933,1.4124803298642612,0.6581598242975735,2.9823353770677183,75.05136035853803,8.671081530186187,651.8005780418085
870,473.59657644548,3.008185936989707,1.765251958001512,0.07010813964125695,4.071919603345408,57.07449923627618,14.369690298733358,550.5754369408735
871,192.92156497707893,3.0724497308998617,4.470471512666253,0.3952593154311578,1.910617472299866,26.861047954392497,7.546089004074136,264.95900662079373
872,142.66488984034135,2.6494579564174705,4.732282565752027,0.18177886721736192,0.6613435754924085,28.937638068306633,1.2437187209172174,231.4592167203081
873,325.55977618711773,2.8540968850662805,4.462791137432372,0.1568127053168057,0.9834409865641153,60.24243716556296,9.300020002161126,514.1608058107877
874,210.27974383806725,3.08849211960784,2.097239969786568,0.8273021497372459,1.18741652584692,76.39516745699547,5.103344916768855,625.8502054194078
875,22.439314273568982,3.0129610813363756,3.9018275150344084,0.04191521671625753,1.499487964972681,43.25022256233241,12.838877843869467,403.43826266154974
876,86.51477270943327,2.879566043844294,2.381678666505494,0.41918287590212133,3.2139753525315458,30.66403433020738,6.5201722247470535,303.9991390150825
877,360.8263921352248,2.913243383321141,2.487699260730511,0.1682036557665182,3.004727422688595,79.36092855284804,2.892594134133684,643.0633266011181
878,332.87273153597414,2.855852382841396,1.0234005452864197,0.879330215678474,3.480399307835196,63.54146334006679,2.866584340367174,544.3037962447503
879,23.27703632670691,2.7082839159231744,2.9556515162925825,0.5570405132750351,1.8125099226575658,45.84683898264612,11.531462710817406,427.69522899462925
880,118.76635934714523,2.8955153950013113,0.9306794887667397,0.23138063637684803,4.119988259399891,49.03201562234415,3.983813974610398,444.9610749115728
881,123.22665032815499,2.9822197114350635,1.6578234953359687,0.5024272871663764,1.0204383057788013,26.34051743491171,11.508500912388344,277.7100172445647
882,339.22744436337695,3.1113260411025654,4.275151008099676,0.7314863597031158,2.3452037375907695,60.144210405187515,3.088309661498991,497.5905856122106
883,19.658163499638434,2.945403947785474,1.0353790460542762,0.9581180089194338,4.004693607707152,38.69940084343109,4.825295530519641,377.0118062374009
884,61.01320517244118,3.0327850759302106,0.35579142586716406,0.22044600424541894,0.9007932386630962,89.65161413394794,6.9823045865954905,743.1488625079706
885,401.9588818328628,2.612050144468201,0.3450379630640815,0.8861817721293451,0.5493155687039147,48.414681220951024,14.14793774540176,476.96489857666916
886,97.48688440662347,2.823090232093853,4.703922602515539,0.9343041141674903,4.418419838439949,48.87084849516906,13.97597137130737,490.963247195385
887,329.84559284741863,2.5065321338789652,2.5346021898091733,0.9164205445320662,1.7146483137959794,55.268142992853754,3.1030781313343168,460.36545962071665
888,126.709562712896,2.6726752051651363,2.0470603590850915,0.6354143568619098,3.41935062454516,83.34048024949973,5.373285618646092,699.3372862550673
889,58.726282452079126,3.0085232005791034,4.054392905039592,0.6298206544347077,0.1267430213196924,74.06544798878002,2.240990826806585,578.3969280611516
890,129.1543735897325,3.1942669659445544,4.17912963955258,0.4032106331838228,3.450234442047248,46.09040558382731,7.6497761897024565,428.0948824264217
891,363.910796609273,2.569424669711051,1.660955165578023,0.7523978823037879,1.5805065577348527,67.49594127782368,6.908738260419999,571.0399102254044
892,429.29126937208,2.781046021102902,3.4680902873689763,0.5312940183509319,0.2787042679372087,56.898839902460935,13.511402436760987,506.52609065616724
893,416.8077336378259,3.0600496780894115,3.855614079259433,0.6774380712282945,3.049063807740585,49.389363896099916,13.95008066686609,479.7322095323558
894,204.61992951304288,2.642824944240229,3.2732534343297726,0.42845790384879545,1.2040190803658661,25.385261822748042,5.753510865109382,239.5757056788368
895,337.36171691961664,2.8885594645116006,0.7579753740004969,0.7314964640431391,1.9340362102594,47.11490107639128,7.376069145284841,432.3603624519126
896,110.44230475375228,3.0131499072207726,4.379415417585285,0.8244715176045491,0.40290406143256796,29.66548696180597,13.443543737191996,304.6214159615528
897,153.6423878278965,2.9311898151821256,2.6954727636800433,0.14643625660281612,0.7358162554747266,83.18737198813237,12.100617116175922,694.1272478802805
898,449.20455107534866,2.6316173142307915,1.4123621318500184,0.832929715574228,1.4898861774792187,36.83254507970776,0.05484467016973915,308.6857344396184
899,16.370942520260655,2.7487691980800175,2.1261409271884695,0.5402965317903072,0.4487975028007857,86.18112116266978,4.800893462753738,686.8858745744285
900,51.89918011868936,3.048654249139778,0.1878554519945369,0.8446659090902243,4.554131323431577,52.64442320757689,6.326613629041889,522.6129596901583
901,111.8642650215534,2.887958559892412,0.6393340061120878,0.4313017063410146,0.03023521591989209,60.52355029409283,3.4457442552484756,490.1533527837138
902,23.00077989817166,2.503660729480039,3.827733752579304,0.37904048538303503,2.419301094321557,53.43523555914622,2.993574238439081,450.0581353222864
903,98.90336319400069,3.0326935320196657,5.817377683070557e-05,0.9150607325172224,0.6162372906627572,20.35044935733607,0.566767598935195,296.73545285014757
904,295.69036487514916,2.5247179484581674,2.0828291424114607,0.2511692675484013,1.5383954473897425,40.065697520635275,9.650545876046408,371.92631170592705
905,216.49802979032398,3.0220136479118627,2.612550905427942,0.8442123252861431,4.630297799091327,17.931688982209913,3.9376543572474847,211.27817179300922
906,447.40913842771766,2.641736392115666,0.2731721000048615,0.4840205725094041,0.8084727663699343,59.83632353467054,0.7852076764696964,497.4875283601381
907,410.547345251836,3.1706514360835665,4.865390814861664,0.5140954425512597,4.829161598591663,45.74993561603512,3.4646896579209545,419.015291092331
908,177.49050233195922,2.7575585259114592,1.1306266562483596,0.308468281489484,1.0289718849471086,72.23879772567494,12.028709292541897,625.7696943009299
909,137.11748238133333,2.7288521314366556,1.5209935981814042,0.5730422006190157,3.7078305423341478,27.637638479949587,12.7723377246982,320.59905136585854
910,196.0492800019608,2.604221635232711,1.5197125612751368,0.3252111962762113,2.733386324486559,23.165284674346793,7.2459936778995395,249.3177501748179
911,299.24452183225577,2.7139229508431506,1.1520833105867494,0.03926941424165231,4.422393637983796,42.50657847710143,6.2410600561302925,402.9924873457172
912,141.35118400320937,3.1136555332797404,0.00736911043155708,0.27199860534435605,2.7699662775156546,84.12683065747049,14.667805402526726,854.1675373592396
913,315.83296484607564,3.1974340363390734,3.646723970439982,0.006379043406590679,2.6727960957815435,66.83374520099294,3.0084698938210486,549.14482003019
914,210.6117095737078,2.757816671354794,4.834227498996427,0.9783547870568566,0.9772900018419994,43.513889983433494,3.230389242819127,363.6863736377025
915,280.5031186174703,2.8140274416681796,1.1214674164252254,0.9657472098197475,0.8311468102582936,51.38177358034484,4.378007655545996,434.21629430011586
916,223.70199927630517,3.005449656741916,3.3152359590171123,0.39515529747230504,4.582445755577571,16.73704089416787,2.5913597742163095,186.7066706201805
917,154.28822217553966,3.1203370463255524,3.7094816347935753,0.728370854339646,1.6391909942501703,88.76607171008905,5.690483973062799,718.2238991525063
918,474.74212041145677,2.915131033930749,4.242126895452624,0.345806098410425,1.8604112748144797,63.31258437559352,13.662513404846306,565.4294674558655
919,384.1668391382828,2.7740679887244806,2.1131459850680456,0.671093157085976,3.7991182921419417,32.832325477073795,9.230217609428614,343.02707413087074
920,78.65545612556174,2.788835288594037,1.5146545282021462,0.8054300430459791,1.6941174121140368,56.86467153721955,6.179198229183955,489.5283992761392
921,435.5493081899773,2.9869327025477648,1.6264756701151555,0.9467562446922407,4.760312233195013,18.75858928551952,14.016161918568223,272.4018796159545
922,248.84128714226168,2.502252784522995,3.563106665492564,0.400212275849672,3.6896388449940014,87.26693350460668,0.7269634871373348,701.9054185931308
923,448.3305911781048,2.9337125362218885,4.08389733252818,0.7832979829560477,2.9871462128671,23.982799030669277,3.1541426685279204,237.35559500343032
924,401.92907541418447,2.7488451073089504,0.9080698387830133,0.2659284506321188,4.404475802723763,61.84242544441713,8.488329076526385,566.4319011083869
925,218.3546171899244,3.055938131893959,1.8547050407888261,0.9903323037936483,0.24802954174741376,29.636357003114433,9.233289347897687,283.4410230046437
926,21.009961076857525,2.5650934478761926,4.50970098374575,0.025769598764351143,1.2853134609460437,67.40491061188285,0.5933625984391971,524.2967887197572
927,141.65190609862358,2.9117415868638736,4.033467598473696,0.603528806501121,2.32518167110455,72.14570937922248,6.045581368606983,600.900296079848
928,275.4007651838248,2.8366810229202866,4.924292013812379,0.6595059816513271,1.1348926973576052,63.87357831291461,9.73730947246309,549.99183128648
929,320.40432771481215,2.949627868133659,3.771241298410404,0.6880455570741288,3.7195259365107596,59.1599568204154,10.471058196051024,544.9434701124475
930,136.36496586226912,2.545397516138078,1.9659760051396113,0.12038757878908901,4.596040155268626,81.39752751616093,9.57209853774404,709.7969804202423
931,78.28447629568383,2.905988651199692,2.953189169973189,0.9385297834731304,2.1188505996546168,16.290136879180643,4.808448365413868,179.41712566032646
932,419.11581603165655,2.8930392115716668,3.3050712712366015,0.1811832790500828,1.7106630005594747,36.473181262415615,1.4028018539686427,302.2416940272393
933,492.3570685447405,2.8924620660913196,0.39227908158561975,0.6227534032398411,4.8077536606878315,29.86299837046768,6.406686696290011,331.2076404326781
934,267.58818932831605,2.9224413666175186,2.7224847955193257,0.22267607912308496,2.2242621641377043,89.04111696523373,1.9313165605208322,707.053616500672
935,94.12285006566871,2.9735275560584538,3.546604142363048,0.3072164170212709,2.445242002246416,41.15118237334988,14.214354877810006,410.1649476017295
936,143.4305899944908,3.063492299776539,0.8366065200053019,0.5464585417281244,1.758249361709527,68.6090159392319,7.127562990339424,588.5735351270589
937,19.0114315082587,2.68887450408975,3.903158587127786,0.4171934185645765,4.547742365060692,64.77801311048037,4.7588876153530135,560.4544672943078
938,458.0064152146445,3.0775345871260438,2.9188639025705583,0.1602256009765063,2.844777416409254,26.966498998190218,11.4945610667835,292.68485570809423
939,67.69803061616915,2.8487789775844177,4.761108928487973,0.1709364024208483,3.810872935908223,29.119814416924108,7.469228888733958,295.1940074539983
940,292.49307300198427,2.553940795394032,0.21211149103445848,0.41814478816279965,4.059033591754432,32.502765084242725,4.650510360186751,349.8533198313928
941,144.28705813673093,2.5409856504707853,1.3266306877773348,0.7572829782755007,1.709245209586291,42.890182260750336,12.179516135862025,413.67158335710593
942,281.54722123273876,2.7339668230872425,3.0077693964991203,0.8979646468477885,2.1684716566019,28.746005252042146,13.00728226501683,317.3276347190131
943,329.19599029241346,3.0494278839780273,1.4827995610296534,0.08412766225938284,4.242358872031323,11.572118619747824,10.095122494330155,187.04738549521105
944,416.5734838165288,2.9953766543186413,3.572120820356211,0.39310390755940106,1.8162767583790513,80.35144454457564,0.7044663361150094,631.9163251644833
945,111.14642316269557,3.0520304752706844,3.795026412609655,0.10024556372287663,3.9696756672592564,87.24878651047072,8.494843202497982,740.0316057691476
946,15.387956042655434,2.8620883395091266,0.5125798203323723,0.016592480632597884,4.704961612872186,37.32563096252544,11.449423679959224,402.5765671760219
947,77.07395873371556,2.8081392985688436,2.5692723210338384,0.6617186826439566,3.116051865340035,37.080550354037825,2.0475451812537324,330.52992425466107
948,451.0091345055715,2.603216768694399,2.5444527779552795,0.6024494419665878,3.7081364372594443,10.567345021949679,3.43006127076905,145.44739705817875
949,438.20613800563245,2.7297349275265184,1.8464038510777052,0.1630191138148862,4.025486560205675,64.42005506642992,13.237426576022047,595.2405679211384
950,302.73242006345106,2.8038135563217126,4.66462431284836,0.2338128330930641,4.225198244483213,76.0351916598903,0.30182582779611056,620.6213665067132
951,304.2532616124902,2.5620203007757323,4.137531599366106,0.02370775364451838,1.9752666892839799,21.728664028800253,11.29090706738964,240.6760284909
952,335.8679705276652,2.654428366897848,3.486046909548184,0.8349472056944037,0.25631729587999086,22.77330794937206,7.106599387716344,219.78005876048096
953,95.9319265254903,2.9187577058446172,3.571633178674988,0.9746905960485515,2.0093813561836975,73.20665999771502,6.701582382594103,616.9160097864101
954,458.0618535032303,3.014964179967433,2.3085807190655956,0.1354595367946908,3.3687811489204487,59.30325986833157,0.10644798742330763,484.22289359168184
955,215.19755719711583,3.198843257975065,4.604972605482879,0.23147521376529812,2.251751928903964,13.588844610217361,12.290973464497391,190.95851364938156
956,197.73787884225376,3.1531793319404904,3.472977136266427,0.868409523946934,3.744815754301993,59.803759236982536,5.397373509548497,524.541574781285
957,264.2696755885904,2.949795639674634,3.6449053082790823,0.9264637979561848,1.7849121473433194,34.71341782750129,8.111484469508143,331.63726837249817
958,33.01332371977698,2.7948736373058507,4.308454518936726,0.41962738280681033,3.1737207055201475,39.498012437667676,10.159510295034892,381.18710945267344
959,91.47885069047891,2.945324155295763,1.370357946710955,0.050622472269074126,0.9320990242698729,71.57851346375041,10.539443646568737,604.259318238292
960,371.6364720489215,3.0499561326561624,4.035354519333515,0.0393918336928194,3.7468471832247845,74.87481541380885,14.339700882391085,675.3900775504641
961,50.57134728331197,2.582835333646371,0.9762030147824602,0.5739498660690104,2.728479844065129,42.02853014718645,7.970099298549137,401.8749944942887
962,305.5445336385302,2.786933422787402,1.726709761224439,0.392895108893179,1.0203219427330028,85.77223488050838,5.995793264616413,692.4411401361155
963,130.22106374384725,3.087861599944932,1.6780522713492134,0.028652427577654516,1.4595558674890363,42.51701743616578,14.30555439737562,411.86769716720585
964,200.7548508805685,2.7686830663531308,4.892627341945703,0.5832523923125568,3.7430435429091617,71.74688281840879,9.631653525382816,632.6407609472521
965,151.45993101764293,2.9003105898590307,4.282686118739634,0.011302536589022472,2.4130061783076036,48.710181165140725,4.472255344148334,416.202085467727
966,184.27963106782508,2.911438552603539,3.5058493079512987,0.787371958149273,1.0801572019653611,81.80258612176672,1.8969636810535673,641.1177272935267
967,362.33249354028027,2.6291333771935474,3.6352838080769505,0.3064328227033716,4.8363559518514885,82.62089949201429,12.638317521977719,735.8643684805863
968,155.58964065535577,2.753564809156602,2.8103639720128553,0.0402580030092321,3.57562509908444,16.99334462968671,5.432724041912273,194.4343032298528
969,287.5382737454796,2.7341579021193527,4.735453335542595,0.5883522209831533,4.785674162698981,84.91946650481806,9.907045820466468,744.1801738722384
970,243.26469707755882,2.5183376959724453,2.4812937644118076,0.3976844144330547,2.135525226801716,76.04278732163326,7.062246290488472,640.8240962500893
971,335.1988710276976,2.5169342347239487,1.9025885493494727,0.9738004133571495,2.3755017034586023,73.30485714501336,2.983946696925575,603.999965176066
972,469.0465722691314,3.0821879305730415,0.815176684657955,0.5441986625037022,4.489776080925096,26.072907174841795,9.025299129306976,301.86829395619407
973,368.96032763302264,2.6911495669809686,3.93102826130529,0.2752391810370083,2.6252467012269234,74.4095367003732,0.9102460342602348,595.5466111249225
974,115.32078550947081,2.862655136367171,3.6722196603779573,0.7094388646339748,3.5363945595283357,78.01061877480295,6.200136898067884,664.5373345642281
975,25.279736180029488,2.7091079015121413,1.9217751926206743,0.27149200254271133,1.2608643874776497,33.132026756332074,8.199224094955065,311.39885936838726
976,138.5093817069143,3.1584754715807386,0.1259670697961468,0.9042432914075651,2.233632343513203,86.1808062689859,6.540704611778686,763.9786640252349
977,301.5881860431249,2.681507731206042,4.194986638590054,0.37472197050737643,0.6172493290517755,13.98881171193314,11.230082628764862,175.82909590900178
978,35.19864860728267,2.8007597689172545,0.05708991727036816,0.5498685627762052,1.0299001793848084,21.992740259771175,12.418874318179686,323.87509055365206
979,253.21946112860581,3.1109111753392216,3.5184988981452547,0.05057310382422886,0.004717076338155435,53.00649104412115,11.56864611049767,457.366792678607
980,302.4529959692757,3.089353496754266,4.851285548630285,0.4261212379522308,0.19632525824330116,56.06339768978478,0.5821942171770317,432.91484384301725
981,173.7795065003108,2.6302709924923944,2.1883066407410174,0.832363539660995,4.886419115884647,61.61200666407227,2.9119315566895834,541.3232275422889
982,387.74697983545275,3.0618503168569973,1.174867024979764,0.8056488053633419,1.2117684756838116,11.357530345237317,8.049112638956615,157.78279968269268
983,62.233144035548186,2.820730820716525,3.5243550502169088,0.22431855885352625,3.3165535475200096,86.82934196977043,14.022330606657018,760.1355028544523
984,46.817513050546296,2.8380782104597486,4.085640710077926,0.22607907101056268,4.195498493998057,13.56704741873152,12.524351625781753,210.965195344373
985,366.81249053976563,2.5934359806911607,2.7321515803892367,0.8173053122132368,2.753302296182821,21.44495621787219,12.638017625277024,266.6150829450804
986,252.79074494103725,2.5564210596299874,4.835176376280731,0.9303984201693255,0.765722500419781,11.121161402084558,4.548122906395124,123.2427520591272
987,347.31717424959066,3.009557514881636,0.2583436082898055,0.09536092127300355,3.640582186680832,55.348674663527575,6.4417184561805385,520.4573173443721
988,223.06539591583567,2.84752280664871,2.523977991522641,0.45005863942622526,3.001257050497915,84.58135071367778,7.060589209739061,706.2222544272535
989,130.73699628716236,2.805795491830626,3.5922697366127503,0.33745427896422897,3.6562529467368754,63.275773286437136,2.360573750248656,531.8623990792671
990,411.36013566035786,3.010655760056678,4.3132023557458945,0.8706884554574393,3.848733114285436,75.81259747843418,0.46602195366684473,620.4472511896072
991,401.7137806947998,3.035859029293777,0.8962780595389502,0.08352491468001877,4.877051838423726,11.062496276686407,14.203543491907753,218.68848736602905
992,350.40127071866914,2.6112357173685474,4.000017408818407,0.2111259425580374,2.8678164001335498,53.361223878378084,3.610688784952601,453.0978682424369
993,143.3511172426817,2.927157604634349,2.763535378592726,0.7524683375864943,1.7082055634530091,46.76503820044175,3.59923355585447,395.2941239006925
994,299.2130267658527,2.59474785759438,1.982768409949816,0.051293848981215584,3.2423227845011855,49.917435537663444,1.250685806531393,422.4378996249966
995,186.87720950061313,3.025962560220332,0.6585751428954678,0.49253538071428926,0.34220354621313065,15.777054826815036,13.927616279156679,215.92074759000403
996,54.875215930050736,2.959868609386998,4.326478794544562,0.44210703467972,4.4869865916079315,64.7548288855446,8.69605672409658,583.1104096534149
997,459.48365197649895,3.169630234758421,0.7863660408985768,0.33440117898874866,0.5969050566909839,50.257633188690754,10.005552856880309,448.86328382018854
998,77.04112915029108,2.5482706114494946,1.5489392960454962,0.3945723153189238,1.6392141894290913,71.21190798890112,13.673653308945788,629.8281131720362
999,475.6163033721932,2.539938304805878,1.4502276598121844,0.5299405869302329,4.078726903130605,48.823250724937225,5.1843025335118424,446.54724486754964
1000,228.54282874939832,2.69753095228524,4.357070170954271,0.16136735838838312,2.986561891653559,21.950530898114565,9.322609667071262,244.140217115607
