SampleID,Depth_m,Rock_Density,Fault_Proximity_km,Alteration_Index,Sulfide_Content_%,Quartz_Content_%,Iron_Content_%,Gold_ppm
1,321.32900465517935,3.064815429113343,1.8368503555435682,0.06675553056618239,3.2436375115280325,40.62748072348276,5.571897786893633,2.2546299321686987
2,230.4335487109908,2.993607166062358,2.367509959802432,0.10571078303232644,2.8667889177887473,61.67941046963236,3.932610266210368,2.6276103522597776
3,342.9405813602019,2.863856669113469,1.7196087095179884,0.5357995621053333,1.6644546830920612,33.16617531810647,6.104307944470438,2.4898252296995294
4,468.24333409183197,2.7578715969696064,2.2040671008789094,0.15957134377575063,0.41382286798851137,50.79023681465123,4.516947273012741,2.1319215008188315
5,216.70728602730497,2.959645610667481,0.6184139635641641,0.12287989871766325,1.3924403364027533,26.39754313978354,2.9222564678286016,6.716290617231118
6,216.70963618746805,2.913934921438705,2.7253223378908884,0.30995644773932673,0.09577334981439387,55.06418888832778,8.315920722210835,2.7445526398869915
7,476.28577340610116,2.9891910966296025,2.513234105880174,0.5006741240171694,1.927955393573658,60.136278222638055,5.718668711730144,2.7037400570039547
8,360.0819261752564,2.950187883877738,1.6949399994497591,0.19253338124350866,0.9564275328428344,25.677348626167507,4.839243874043418,2.2038050545862506
9,183.02171690847857,3.012345020923343,3.1712742989503546,0.6798139772747849,0.1739429747162832,29.903716194709908,6.259966235662414,7.171820269394411
10,327.8917204442107,2.774626831891357,3.449598768144508,0.16580692395614124,2.1969009224010128,30.560299690283472,-0.013561998689898047,5.345067944640945
11,183.8887162204341,3.0525212234705914,0.9044687661489756,0.44532573170634104,4.34016939002898,47.335625620350186,11.27055447429818,4.243741703070478
12,183.55775094851634,2.8845520543293026,1.7493038519517357,0.28710346659034747,0.35126401539416274,29.03773080754335,5.074063291656975,1.2207739273673868
13,284.86195878286543,3.1662012445192325,1.7428862807306515,0.20515210248463084,2.3293494575655895,70.67735333229095,-0.8895187296439744,1.6614191250309727
14,0.0,2.751533940912007,1.5721255294090852,0.3569482999794101,1.2086490641999839,56.54229472262054,8.591283578776869,2.368311887087207
15,3.3083679952643195,3.1153066841002297,3.3415034724496984,0.08720531597496316,0.8634354386916127,58.98559369601507,2.7458344919513764,1.6827752933417646
16,169.7357653571359,2.88459873114484,2.3182024917451463,0.23791157291652001,0.8651472836502894,26.164281715799955,8.131140059828393,4.1204550770731805
17,105.24166344638596,2.757199413083275,2.247513789207339,0.2125906368597829,1.2084101523451642,69.39767128292334,5.364702463137947,1.4014762473343805
18,295.2093706311401,2.782329238517294,0.5081662661111963,0.3380474712276761,1.2047631971511432,59.74414160147843,0.28875552548304384,2.163541148205158
19,120.2445097031555,2.8068600173962945,3.147446660727176,0.29052756084271986,1.6136980879782408,39.76481540181101,5.783785125815552,1.8342787342395506
20,48.05823911425196,2.91853700558573,1.2727702356644772,0.3479181328972756,0.7897901757564979,26.873481129428036,5.563128344383775,6.376561506126885
21,460.0293859250839,2.9333374368307674,2.571961260784278,0.42219960770511694,0.9432024719662208,48.85809165396637,8.45531440816062,3.156488457835797
22,217.90644164780974,2.7688571130346555,2.7894055684761416,0.24249642318363557,2.487214776126612,43.00352881458091,6.566491611165253,3.58011015729617
23,259.8921917984096,2.851258924786295,3.872687226356601,0.3024763373927353,0.7263629181921554,43.626097466645604,1.281765058834726,1.4598804015970095
24,46.276844612531704,3.1762526674172222,1.2032082313988377,0.5685546252018754,2.021327601599769,39.418520058826495,8.006807817855538,3.9546978702286464
25,172.29878994090524,3.1140435891405494,0.5074835253028755,0.29393240112032726,1.2603306342422076,60.82153861016127,3.757806701599032,2.5697338944189543
26,266.10398116859506,2.920360664076547,2.6958781752716447,0.23718069472344744,1.0573557798930708,10.991374707060032,10.160795926564806,1.812821438590736
27,85.46407973680644,2.8606126353506727,4.312539812028803,0.4348483136027772,5.284317335394459,71.44891685498133,3.9356603379489288,2.7939058060899
28,304.0058708313828,2.8729168126331817,3.750974983457387,0.24766475341982122,0.506384970903456,64.9717473307418,4.366125926620232,1.0406176974862138
29,164.24589997219334,2.946939809535005,2.7216880457925754,0.5915252921662858,4.54042551836588,53.160277824432185,2.5342390022787424,2.904996134910971
30,208.47053627188828,2.7014932288456817,2.0203924448859025,0.49414273786873564,2.9902444767640386,47.83871644321258,3.5042058929774775,2.6469422069317803
31,164.09302976896853,2.816305633011941,3.31915122715526,0.19275092244199293,0.9782409911442512,66.24575983330374,2.7111779500036546,6.583338603763352
32,515.3743457103722,2.604624502543804,1.538482430813481,0.21570858057122805,3.049901052723932,49.36611265859454,8.529346476098816,1.5627887566903162
33,248.29361974887482,2.9147955820162346,2.988386399874169,0.4548274324248505,0.04541308978579082,45.82355773214789,1.0054751013366419,1.442959710250749
34,98.81723968764672,2.9519915045808536,3.0174987896845766,0.43203347294911104,0.8992515947437351,67.08077101784147,7.413738907212926,3.036896545965906
35,367.9708004723901,2.7824341442805363,3.57223853801683,0.4727380263938699,0.7357005350252194,81.4009358757489,7.485980364553194,5.873559011478297
36,75.46522993295699,3.0910101281189473,5.271688669429027,0.2538973946761992,2.2159155039899927,35.43489764884041,9.132642568839724,1.380123648777095
37,280.12397235612855,2.6710472641750913,2.904444597696717,0.28572136176326274,2.748326700717546,56.37198970215178,5.131284585319806,3.311704145334037
38,0.0,2.6352558815939693,2.003065004810451,0.2317922806044498,2.1898974972077463,33.7041218318368,1.9199187257771504,4.991617710902172
39,60.0994545615508,2.8885798864094383,2.4864543183259555,0.23320414628000993,1.832322864394361,57.524595233912876,4.484725857920115,1.6091068588184292
40,278.40586696396394,3.0119768590172655,0.7429527256288315,0.16973032592208812,3.1907067979777604,38.3272778243675,6.784095589942437,1.873937509111812
41,355.93521362432375,3.107501267344123,1.8173154994288916,0.49151217411248727,2.8843523881959805,68.17322385367642,5.254189815500414,2.510843522833986
42,274.7566191451388,2.7860794741951014,2.1027461924048456,0.33195877515080124,0.957839859107252,48.49820897058129,6.100183256557439,5.099708497489732
43,233.6709709028428,3.016714238640137,1.9879402325833573,0.34270313402458813,1.0528801572923823,50.69718003807182,9.095858407674099,1.6619964571056065
44,207.12352786883955,2.8491358432003366,2.664383502551672,0.47320746037150585,2.7709384646589337,74.46672646183374,6.746010063285849,2.5488064277456055
45,38.57926934169504,2.8290180186343195,1.6896086981357492,0.057826174727944005,1.601539925789963,39.004956213314514,5.595324585592566,2.8397169638304676
46,147.18195098059823,2.9874611042484434,3.633059297842421,0.3342823374545915,1.6875704682082948,60.27263291158386,-0.5330849866620593,3.9434903796160383
47,184.28651140099242,2.9527605453874552,2.512235695436147,0.5055663733930453,1.8586043087068043,40.49819837174451,2.6484482460358487,2.151891039735361
48,401.5499113544528,2.618453290077805,2.5027283093793353,0.10926771693672341,0.2724018684441033,67.94446315764708,3.7859746454174346,2.9874699545101704
49,299.4137440362699,3.0763931660843267,2.1841339140050318,0.47637186210417104,0.9206731504944148,76.80133173245483,-0.9313395383633658,2.2853431524280534
50,0.0,3.0619258167475603,2.6672193143769287,0.3351520189164386,2.355155783243037,46.05639203187551,1.6721942405984986,2.1396654834284443
51,296.6174587024134,2.761077708399013,3.3371268951855844,0.31131126560378347,0.9139431915747583,17.088644003581287,4.194642316409707,3.0256375589981523
52,195.10221957542853,2.914282643641054,1.6448984148070496,0.31565145210422435,1.3781240094014156,39.67794406772616,4.682845925896708,6.952832866076274
53,153.32614949420238,2.9290166415678534,1.8539121414426931,0.13425930596426694,2.344257470441361,86.48954486032632,6.517430796930979,1.8204178076574438
54,337.78552484688726,2.8940131784990286,2.208302601741285,0.04261251654027319,3.313676966419021,41.118287102154525,4.384122217845821,7.797802017132202
55,397.81051665569703,2.7723663405486296,1.1661577070447349,0.44024925150934274,3.5868131778789953,76.56531725597091,5.744121928687415,4.98647753915246
56,383.5359525709114,2.754168608434735,1.6927707707964519,0.1195934956640864,3.7257353158165825,40.90571014806131,3.746631652762804,2.377553647439891
57,130.09398239302675,2.851079002976726,2.035807756973291,0.2000779313230957,1.4841773798110258,40.53500966159048,5.126039688660425,3.114733309286415
58,205.96279212314818,3.030821466514347,3.386417811230677,0.7007817975708072,1.3650153885776248,61.68781365501206,6.352918432255123,2.556849879134483
59,297.64517935722097,2.9364521368146073,2.774589959519875,0.2817555447671213,0.5709409874162454,59.89011492603668,9.417890751989173,6.392520631620433
60,389.8723692770084,2.799319963812527,2.705618541885494,0.34926511547555156,4.356856358402986,62.78261271982858,3.456071575696361,5.37273185609022
61,181.63320922577856,2.970666920222694,3.362926592685922,0.18348662812958907,1.3191104513806349,50.0736583784533,5.4325459745267874,1.7277677403798024
62,223.64912853129113,2.427630720530931,2.374656842118553,0.5023166737897836,4.288753229353301,65.51540147021839,7.6073826116545815,2.4925203733366534
63,91.85683856604828,3.027226968681258,2.9024934804468394,0.06245007841002178,2.061974064521028,64.42250141455952,0.681219176509348,1.6236766284818858
64,78.99195385037817,2.593955046808728,2.4088068775854534,0.4354437700393007,3.4195851086741835,67.23542094497441,10.993478375081391,2.6761598247736855
65,366.5365947584072,2.8005459724149726,2.777390979917578,0.0920630148030118,1.564184824458217,40.6466141705129,8.537092257775843,1.2418635383292975
66,444.36781934285443,2.686961629431521,1.9292699729063676,0.6257518883853295,2.5132141422038377,65.50443804168367,-0.1344654560948202,2.869219093835962
67,239.9176561203872,2.6607098922673065,0.07321147224152069,0.37700811694720254,3.499369736412494,42.17995786299271,6.114145524810319,7.02532744093671
68,393.8787433015344,3.0290361317322203,2.3777494683316456,0.1271719790497805,1.101760014699199,47.643481550157375,3.306639698407653,0.8943280180441129
69,301.992934354735,2.7847569334286586,3.93477676661789,0.27435287356315835,3.7391650718257816,47.33559443565052,3.8079559042456665,8.9185672850205
70,157.8785553340957,2.90688769588505,3.4382440327595423,0.38256661568693123,0.6489598276905632,35.02844133578343,6.051504490466313,6.209341294655905
71,301.95851894506023,2.8478740267935647,3.4774261151091204,0.17843961982715925,5.193363653094806,23.967235844604104,8.151198607623318,3.2490733173833966
72,470.3915042288728,2.9264682377089106,3.7481593523241674,0.2162905367743838,1.8641514869893183,68.35586063757083,3.602381173480144,7.306415311819465
73,245.0973100951072,2.866435397284481,2.6006862214793873,0.5209740341645329,0.9334696697625382,39.46625686455285,3.642655382649179,2.021946304531597
74,474.20023742557873,2.6624632799971573,2.7093443379235453,0.279074004926693,2.9495389315186706,45.95390413137361,6.116500287098325,1.9139753743574999
75,0.0,3.0043521365425137,1.8943767350835996,0.48498879957497276,2.132943899181713,39.03924829852026,6.715868965917499,3.7718940291564476
76,367.87884153590835,2.7808486261512457,2.1959557744909,0.3481128642195799,0.29007339887994515,46.15018194946553,1.978605884587758,1.54597119628429
77,262.6862645582429,2.6214248288264796,3.1277997802890916,0.37769730827879666,1.208953471903799,42.41145589411453,10.171018705075864,4.445329061296642
78,207.42361402854254,2.7906948394805555,3.715913067686766,0.45526763848906865,0.6793832904693292,69.18625804163634,3.070057018520535,8.085370254253952
79,263.36101920865934,3.080026082220589,2.3725823548369505,0.564636774420852,0.7371039369077923,41.142437771048535,7.89402271905926,7.22985518725296
80,0.0,2.9824453749424666,2.0618393656665384,0.13525495524082082,0.7130677493626905,75.71831221641511,6.355113949672031,4.131067699928714
81,218.78027188149682,2.8026142934642637,2.512556589374547,0.41890629703440113,2.4291939777032674,67.08907098795652,6.818971766024862,2.1450092979509345
82,301.3454141611305,2.8025234579776783,3.1132353794470644,0.6277239733678208,3.108181592403071,42.88329512758281,3.1281457512761963,2.9823450436054872
83,461.7822641865218,2.806666855942835,1.068173814384408,0.42330626189328024,0.8601880056976745,54.79717452194267,-0.17155065643011636,2.4093829978229424
84,176.03672489908402,3.1664243111595685,0.21584767738071164,0.3242865327317485,0.2066993109814681,57.790194943957005,4.935795506272406,4.731574636133729
85,134.4920288595547,2.9122024314601753,1.9614917810263663,0.5237323534287259,6.004234716477254,62.62410805637587,4.948159591816111,3.1914355336121876
86,178.40054139170087,2.919418360704103,1.2913162046037912,0.6843643932117193,1.8792109651203746,64.10700511582144,2.125934276944136,3.2086969534260446
87,381.2630594223122,3.0094546317302187,2.003888432870639,0.35926527588984386,2.9647401683071846,52.79948984769108,7.753829574686334,2.574012358787223
88,297.28554726437704,2.8907304874794195,2.3642483117004782,0.3939614324212918,1.4268348128782113,35.68365350537135,4.845411685440678,3.6932845072141287
89,174.39196441416544,2.816055791752337,2.0587802214949362,0.3799956547644613,0.1534879315791499,59.61332486770431,2.5727820141726436,1.5641573621251839
90,323.6985621296793,2.825459636262696,3.964496164988695,0.08417433653931046,2.2596991355922476,46.45240436813715,6.755214033152244,4.56423654552209
91,264.12210092058854,2.844171924713333,2.8387733951202696,0.43722711473977127,4.834685390051093,8.161925119791945,6.834860003338131,3.1283541209554167
92,388.8846333038491,2.8493287781489665,2.8125029901287784,0.09410779357588527,0.9791799236025177,55.85417715589319,2.850956182592299,1.0810673101044919
93,149.72870111858924,2.9640565451709895,3.134235774561352,0.3982612864989766,0.13014114614709898,38.98834923141888,8.700175797228143,1.2467473932245063
94,203.32175711947548,2.8627039964965375,1.3731955127371807,0.07765506645751091,0.56770143558648,43.1241788471947,11.729731889691063,1.3922775696552148
95,194.09648481434206,2.9648081252077794,3.5511404179382184,0.12821245493162958,3.0651940777246063,50.09031703725038,1.729908513579062,7.792276740384394
96,40.727487029031266,2.8428046266091553,2.43626434398249,0.21425064305656616,2.1209718854686868,26.695294349450887,4.448918100870221,1.7788878521441878
97,292.6145314416594,2.8667073921728563,3.182509247759162,0.18980885239554654,3.7497143339927574,52.08562215670079,6.0110294026969715,1.9895209564983865
98,287.5950704100522,2.5551820109456265,1.4401713974777943,0.449549690409468,1.6780382623659993,45.24938833588595,11.840780690896782,4.79119533138479
99,250.95768867650654,2.992361264830815,0.9582698645018854,0.23408313613509113,2.7156448627240812,36.841700211696605,2.7986681515778633,1.98910438490249
100,216.6451946442566,2.9068853850101415,3.3299182885429786,0.10047468691113758,1.179893734503204,50.69362737527299,2.181246534215755,1.7915271760873712
101,47.61920049433624,3.0046136301043904,2.888438156615466,0.1752910699720822,0.612438863884524,24.647056735507977,2.1607425581457456,0.9812651299671565
102,190.01146582183728,2.420473806896389,1.6099770761604395,0.31120624590899987,2.720968774712433,51.134401675856054,8.664270780175857,4.813657684141139
103,201.16705089483858,3.1681683193425516,1.6423655492432554,0.30725814341699853,3.100022473796362,57.05898370255039,2.8765061652981947,2.9111958592148692
104,135.38188028625547,2.8339736694021664,3.637463414932719,0.31622983906163077,0.9991931999352818,54.57872989426357,2.4495973918471448,1.2330819633607026
105,227.1380957871594,3.02113953613607,1.322616737650622,0.4493230296578294,4.547947927556459,61.833263113229634,5.692901986085462,3.0435166122070028
106,308.0645033140516,2.698926224556613,4.154701583773913,0.4992607592612914,4.632301402864448,67.48028573828174,5.924663934751941,2.8652772396948607
107,520.2281440547365,2.9468281993848278,1.611407895870081,0.37973287476095796,0.71722854263975,48.77978409446377,8.213061416338508,2.0741833785928714
108,275.2160549575406,2.696899779149394,3.150420556126333,0.25879512048478875,0.7486186625444242,66.43174226763423,5.275778111021679,3.601661940404129
109,287.09335606686886,2.761346769521072,2.183410154768965,0.21720650202910807,0.781591699435868,48.723722515234684,5.7467963178808015,5.5525946604108904
110,239.56897874141598,3.1420168167054605,3.115216061600293,0.6337271424536701,1.5085925207656823,39.50808689676084,4.684188153262099,3.306557907234444
111,0.0,2.8263097535109405,1.9679146284037572,0.3024225452045582,1.2272386786155784,44.108740724043805,1.0870792294207594,5.859664572517341
112,246.43032124878363,2.887527044602401,2.3492357244456556,0.35324383153672906,0.48593856670625696,54.004663848074884,4.401185982908961,1.5253596421886242
113,258.84750350130565,2.985422273228756,2.552947805913671,0.19600880118123296,0.8024830874866252,66.27766772258475,5.188500718758022,0.9380067397203176
114,602.8321868907735,2.929264396821333,1.509841174736477,0.19460414633823603,0.15803507146121767,50.02194282220685,3.6685295609260047,1.2230463623685366
115,222.68975697837857,2.877474949396979,3.2528529759380755,0.12016596269169015,0.1994125017441928,39.895146925952126,0.30663804012809504,1.038502613183069
116,293.3914012217578,2.9096562639953762,1.9988150640463647,0.2881738348704263,0.39256080820660394,71.66390070230568,1.5950285967166407,4.156014231785859
117,245.25681476005843,3.2154244514111836,2.2834287151779313,0.19451076843381124,5.787891074913607,28.477752329800172,4.8818561063145545,2.6855632461464576
118,82.93259687755935,2.846269294070405,1.5176792559094374,0.22190174670034968,5.3322199853553585,39.991919232855125,7.798259287715781,2.9506574651751123
119,413.8177198077169,2.8850769706326878,0.05030502827736072,0.49244241405815076,2.8331961112531254,63.391765673404834,10.046852288369648,9.374159126074625
120,357.86290006670606,3.0125102730265843,2.321000867917781,0.08506599782258312,1.0081994532512182,76.49685869806342,4.4485082590396345,4.577879227856463
121,363.45980437728167,3.02074100356914,4.924644052130866,0.17078468035505964,0.3855152380639887,57.21021896330593,2.849377187862577,3.182439879852157
122,120.04934563124735,3.0329666594594995,3.2966329184159737,0.3275299415979275,1.6508398008012455,53.74831337245745,3.882471504398586,4.374345709650619
123,451.031939509254,2.95072164692982,2.492768250783555,0.3146017534698956,2.305392657438649,45.63702244713988,1.860754291418865,1.6872886675172085
124,49.554506176431374,2.68346137671587,2.249137801309682,0.5591300431761457,0.8732054631889177,58.22106737073892,7.363236623934294,6.859134784636373
125,334.23272390612533,3.099926843470607,2.5344945233299963,0.05690746574113332,2.2162591288795217,51.94051506516219,11.41283488813767,3.6454098087178193
126,563.7835358405723,2.682960304672639,3.05914774569316,0.5215862971395819,0.5623867143278601,38.68202968978186,2.9223953469349917,6.828445091697218
127,108.43310334781552,2.9003074334112977,1.331215815209105,0.11091117446247269,1.0261873783540025,45.365093474442695,1.4238753675142037,2.6999220804660187
128,169.16171597339323,2.7417707361225387,3.626350325186822,0.22652284530795472,1.3552758111955434,36.98831004979106,8.019449989970854,1.4021913955898873
129,264.49053571333843,2.8452913616364937,3.227409945959194,0.08232379528839835,5.437111905214408,50.204234215712404,5.95415464453688,4.754401695345392
130,178.1545269217027,2.9042264751709648,3.2302143562258845,0.02033762111179792,0.7918410883106523,52.42759209563902,6.004787077686464,1.1860684840290752
131,28.25241635701775,2.9031156959429834,2.950504369327677,0.515099224706211,2.2970844474470256,74.51574797971647,9.764521784512862,2.3981858805680965
132,260.0403163545468,2.918200226760735,2.53164528821194,0.1524295832997067,0.6848784355636639,41.03904311464068,0.900541038093901,1.1170322978394007
133,98.15979491453425,3.0969688039842396,3.18488986648477,0.401561690342304,0.5983080047526531,47.28834867794769,0.8167503042232838,6.187736175691492
134,318.0191923556547,2.9229422588525393,3.103842764259328,0.1934741652155991,0.8697394004094213,68.88771982269807,4.514857051458185,1.0857735060562965
135,118.6126076800366,2.818288618331845,2.157987919576926,0.5676055160091945,1.6956731676487984,77.07634025686835,5.190210532581478,3.7452085440321676
136,472.0946477808659,2.999525188868696,1.9384268576210488,0.207457529958512,4.948409536842563,57.120664660979976,3.935155199778025,2.4978641113710287
137,138.1051113525677,3.0333326869641386,2.6138849257799364,0.24303279275432918,0.9892224154267941,46.196552428276966,12.382258786125139,5.815802813229715
138,204.12347227959,2.6707709413548937,4.061048782013137,0.16867962259904035,3.1165585774061006,42.904734990935694,4.06927382544222,1.7563835510412455
139,366.67851027967055,2.9445221241029214,1.272921554864049,0.11978721348434995,5.615907482441086,22.353997777095717,3.3478241531833572,4.707695038067966
140,74.03079851089291,2.960088024972077,1.0445033647655098,0.4281637369757693,2.020589744868881,36.08347551356445,5.37303075464339,8.126983209316103
141,282.78598829642453,2.8102775881214437,2.6767894717544665,0.2805328520070296,3.5172189948802175,51.523436352554114,7.912660736040057,2.1823807214377338
142,437.3396767300368,3.0612681356221856,2.562916332373968,0.025530459181464824,0.8276555412119811,47.28521200978517,2.823716770449814,0.7435577468234404
143,20.1188144822963,2.8324037755705636,2.685370294888358,0.5758838933798938,2.252509033491707,59.35111960992541,4.559040049505057,4.576327230153476
144,276.6555508221937,2.873748581646174,2.75598182842645,0.24667491342653283,2.6839093667836025,47.07195819756248,7.997853920703525,6.750731997988922
145,287.4272333512306,2.828951339982862,2.288826375883145,0.12659141193795395,0.462245119463817,39.10914055044186,8.16441929928387,2.3077752996985934
146,362.1415500497687,2.8572489707626625,4.001892069120032,0.07690526282307505,0.754770915486957,55.12016389017985,5.652884300368552,1.4148023416905446
147,73.15954753472019,2.6904708505911623,0.9111246520414342,0.13178659947560378,1.3076864338731722,87.57897868210196,12.255173660763502,5.302826610526282
148,61.20590248571463,2.6389044812362985,1.6835316057377039,0.34235225040309447,0.8915987657844351,45.23976248905209,10.941953140086861,1.1346458988951198
149,324.9402408411954,3.0940878731091885,2.4087738703689023,0.4422870444385288,1.4343653296699235,52.08331282018065,0.781651456820784,2.9478167364134285
150,292.73826742568326,2.727867911377693,0.8688398193637825,0.22902080143355766,0.3949700791575462,62.703883718190205,-0.07588365906272454,8.52018152483289
151,286.08308816537334,2.7062032612069964,2.3361742260858787,0.8133424050014515,5.25322507022141,41.425724126461006,7.387143343596074,3.812581048311931
152,299.8188394540649,2.5319035965848853,4.173498796245968,0.20792342426577648,3.341885993798711,69.09136304953074,9.09609693392348,3.12306136347897
153,152.88200329856863,2.7590678514720173,2.5329151188139116,0.26083444259376065,11.634986559145762,26.31439833323107,4.325723045424781,6.223350927313854
154,283.4722024985368,2.6564486446143176,2.742729536236633,0.10952628416623476,0.5209958532889638,43.884094740970724,3.4934126248285136,7.067833248152503
155,292.1782465392273,3.1012143876458977,1.2518638653453695,0.25085125200039493,2.3174505300697446,45.3316865373717,2.5391282182829205,2.041927392675041
156,147.96822913168768,3.0063846770268374,1.8956672224784723,0.46152626905013167,0.8990612438680672,52.26736617880412,1.495964228468885,2.1207179588808964
157,517.3063085274633,2.7516895618487838,2.1368322501940127,0.6224521206393593,0.5948994640075923,20.42778050015127,8.409028387735548,6.363005130669731
158,318.05361789119576,3.1927774844270886,2.194313533761716,0.3984798933684013,3.212154726027813,70.29109841991644,3.8561151175862722,2.658299665545956
159,79.6938232605834,3.0021769366741817,3.7936724255217182,0.058734322284688646,1.738688366598491,56.21326377426252,5.905402271032939,1.3215674660055918
160,344.20959233652616,2.806187406099149,3.0697196912430744,0.09968586243360074,1.236134193350439,66.84247168248692,-0.47741722567896705,5.130966975632368
161,110.70265450626366,2.4800012563944067,1.4005706735809178,0.05874538677015844,2.0661566102071345,74.19553606195807,8.00681310702683,1.6479719147936887
162,362.8947528125986,3.1985534995140537,2.7585334089499547,0.14049481279644285,0.7849991190702853,38.89154332494414,6.763334683668946,4.877639369875808
163,416.07554857433456,2.6464762436109033,3.010250379014735,0.18135617969878268,0.7610547187195836,12.584689989158036,0.965932399250141,0.8383310313218997
164,132.74724706155982,2.608102301581909,3.652177669039216,0.12077322769540527,0.9281773680416255,67.19549112945246,5.777086464451143,1.1472892776858727
165,388.13040999756754,3.0082976784268887,4.0925693170863235,0.3803905055871858,3.664898946306182,45.704259947399194,5.014230078582765,2.948009821357914
166,309.3141893450241,3.2208749745763336,1.4969344386900811,0.11550874706878707,3.462270066786993,33.00247256191909,3.649535240471815,4.060742034418349
167,367.90140951329556,3.0625530364020204,1.7011711193076116,0.3442408863859198,0.4966985677143627,58.64449479560765,-3.7087819657046364,3.0850958927051755
168,521.7465192022491,2.9394984816332963,1.2544507716033335,0.4240345061051237,5.103014262403638,86.9533539819839,3.019012214745879,5.886760170324595
169,215.09906306431776,2.944125264875235,2.2780087714109682,0.22282399733200586,1.6263066815473932,48.36640257292502,5.907293437328365,5.648444280330963
170,142.33040874355675,2.9829244474424885,2.978387004964284,0.49661588793271977,2.2894598469499465,64.26674460953478,3.3543051483286246,2.3364842939642476
171,122.89411567320415,2.9687514020934573,3.4993631471070517,0.3672419812866422,0.9016559923152233,35.18745809795797,4.334914889723122,1.2030064081019236
172,133.4446655221448,2.8970908272208487,2.436077606875427,0.1766046090707247,1.69404585761015,24.698633518256703,9.490270357971422,1.2273498320055554
173,239.18880903182523,2.870542279218224,2.1921811072631057,0.25806347299908466,0.5913905099360016,63.709107039844874,4.7674759665611415,1.5686987401282273
174,299.06069772045913,2.8455231444405142,2.66378662276669,0.18946469672779903,0.8469400412285468,58.19109757712401,-1.2903984424839177,1.637170765642268
175,289.8332540206578,2.7418174252954413,1.6768857288879269,0.41553989542792674,3.0285447377239225,43.01445748011388,4.44544891804841,2.3831681134456826
176,368.6347659149273,2.8128108520954265,4.601567352212723,0.3736665773648109,3.0784117859496565,75.59328962038092,5.298182268684289,2.6753281299726575
177,252.0868969396992,2.6009685914961347,0.9043676033998911,0.31574326822413956,2.3673093974990396,23.532665455146436,2.5239360291142816,1.5353217102786667
178,458.29520041960643,2.84016116960623,2.696769209413674,0.08399329541065491,1.1712638788795644,31.549548861169708,7.204245787223025,1.662565785958656
179,212.34079807594446,2.706623447552805,4.53563484974759,0.17040026056912042,0.48804623361651284,41.85698607871194,0.613313082436858,2.540656170363285
180,639.6106028722731,2.689373716043077,2.5188284750779477,0.1477675605532415,3.9712929181821597,44.654044890190924,4.586776702827265,2.2798022794619177
181,339.7883072589126,2.881896236298464,2.321989595516455,0.039946971742571044,3.2392168432654964,71.98032061292926,0.578723295969807,4.6636867459137274
182,127.52591494751042,3.0637124565771323,2.1545832077075224,0.10329415178606531,0.2415807649797162,50.737969067161444,4.112936847627393,2.922664948059069
183,96.9303335635314,2.9926596045257896,2.331636948755542,0.10515294927659564,3.1157858585146236,47.10569015600349,7.124389581485842,1.7384902131190292
184,319.2903382416378,2.619337023081966,3.88487710519448,0.22786647909438923,1.2355201462585341,30.949898483136696,4.514960218356514,1.9967000084075714
185,218.23761511358504,2.706467893139892,0.30016671918844295,0.40368453719585895,2.7480984305653817,66.29950312762296,4.339839477884916,3.0189779172870836
186,352.4329593057655,2.996027791823675,4.045462331814275,0.18541250912330293,0.4005769559864264,32.95038674799143,5.083310235605946,1.6313315643168798
187,317.96840282329845,2.707539004594696,1.0880714780678047,0.23563203212078124,0.9440701148306904,30.880830629597394,5.233302406917589,6.74569459208975
188,239.80044838249495,2.8212171411258886,2.245376301283535,0.23568719520267642,1.7917039505783972,43.99612788579241,7.081255762120309,2.713565689310887
189,129.00947050086398,2.9374199284791254,2.082784210219288,0.2556894500410284,5.254653603014084,52.44791036982751,7.099447169315047,3.004765221466052
190,33.37940985999791,2.709660445395897,3.1005819002886694,0.27731658935159587,1.795266973932812,39.19786099759539,9.265087649854546,1.8602247171601232
191,186.3082980450513,2.8707184395473364,0.9139042786342022,0.4929038584246122,3.56390343302558,60.60526254436408,5.5028509565881345,2.3963030893430366
192,372.81689255571223,2.654808289387712,2.9742012965998925,0.22461636012846697,1.9846142094829953,45.755355845288754,0.017826514669947002,8.20086899988176
193,280.8726541204978,2.7647069670327604,4.536338253804802,0.4978941595164927,1.9314078722023513,65.79153409417378,7.57384579887303,2.7789775812393405
194,71.90155928744989,2.902879403746823,1.1488546259251393,0.2708167713466874,2.4612976092417895,57.576659181246114,9.049473377613774,1.7866625786615926
195,275.0160943475813,2.615963053595692,2.7017347981283453,0.2447966527292512,1.592366010691346,76.87219010546204,12.385085051554471,1.9614991575912113
196,305.3828565118505,2.9209833243195025,1.8500464527213407,0.7069398340941843,2.9773877774844606,43.36656611183766,9.355117642330471,4.842778551732235
197,123.70389904962643,2.8519664437864405,2.9379158367109857,0.4405181037535751,0.6344778075651889,62.65956536608391,3.529104769218255,1.585954468254639
198,272.2310461157174,2.937785606788015,2.531176407933702,0.04283204593560013,1.6010075663015746,23.19783167279476,5.561552082465752,5.075936798610457
199,258.5581324369531,2.888499233735142,1.8705417214736402,0.3382887652701045,5.554173370530106,93.3748803961384,4.1881197603792275,3.292910368079033
200,86.61259060650585,3.059533178121519,2.999900915389024,0.1093125928188253,3.6663925778890234,61.90919800206882,3.780419224690518,1.967853197755479
201,301.44200836611344,2.8736957890226287,4.316376740304693,0.2790779756873904,2.1163681106953676,45.5553916666592,4.6595438274901095,1.230914037758365
202,330.5005060824168,2.7905012824566544,2.321124838790651,0.12319567633573482,3.324255426955921,46.11312184050724,8.857229306399192,2.5720878815208312
203,405.2615803140991,2.873256739080285,3.231786572666132,0.31085490028701984,4.6013816845139734,46.294653895440966,0.23248614646600885,4.498733291259419
204,401.07463736006423,2.9364068179809006,1.218755672646786,0.5807638662086987,0.20349416093275463,77.60054934652511,1.9923631028314337,2.0861180349773787
205,53.016050679351395,2.862241124174298,1.555592253699941,0.3520188680892029,1.334150931845861,63.47824250511825,8.658479067699886,1.6907627721637113
206,115.97858189360659,2.861000867306025,2.984434908398327,0.21162448830095731,0.9411866231551201,43.35022546421977,9.361004522221855,1.311021060017045
207,323.9516228202711,2.749613360454429,3.9961446590539147,0.19060156650468274,0.43263991872828167,31.41777472813576,3.021512875047148,7.536841998381129
208,323.7727865564003,2.7554769759928,2.8676419793036096,0.5287406174504465,6.0861369658979045,67.94156953261876,9.952245032915652,5.2611010078651566
209,323.953400580622,2.6445213228554887,2.1989705999947953,0.3441654266410305,2.546983083784635,62.57823389470436,7.927646249923255,3.97021412267672
210,801.7338499730845,3.1173486251034834,2.5113200359413037,0.509483025220101,3.243320133778905,60.59556045875899,4.1967165918632245,2.3086849458230496
211,331.94715052669534,2.6683326283167497,1.2616208965482323,0.3888300984943921,0.97770146992705,48.74383346927148,-2.3057967159737967,3.1584758225311624
212,412.7788748427439,2.7509763339560562,3.1165439568733166,0.24862235523960224,1.3109389626094718,45.50573826633861,-0.004045431003119049,1.561288195778981
213,386.78849478214073,2.747151023790063,3.394361692841359,0.32585022418213927,1.6600827218108773,75.27835267219608,3.02546993717107,7.337662429270043
214,343.47061478541787,2.9891507701671087,2.0599382976848695,0.6161490898475421,2.2362917626735457,76.67403858956715,7.2798109458794835,3.802020834738361
215,205.09576766498594,2.8106696618816382,2.0419864827584484,0.2637367830498125,2.8997290786430994,59.60187313462432,7.289300073643744,4.373115479152584
216,358.87011140524453,3.0420734245265026,2.777906860169998,0.18218694455348772,2.7701617465002655,64.54761297259863,3.6006524242793914,1.5258538313283045
217,139.59786261032747,2.753888519988862,2.075308894477354,0.171892970512924,1.3827728963365236,53.541472462560655,4.306177203912272,3.044099282124555
218,216.32576524064385,2.8967612379590126,2.4458960158921275,0.39670589681207996,4.723534780591927,29.450213412996455,4.902555950174345,2.8775822739153485
219,180.74722616721476,2.729610055636479,4.611750419684466,0.2024517443898647,4.095708304406432,35.30385865985531,4.343785961147542,4.4664439630832975
220,261.94577372196557,3.1766844827914507,2.265002929771953,0.22863765281597825,2.0718456086474086,67.19272854574159,5.490901291006381,1.7759327698063543
221,581.562852390668,2.6767723507710155,2.1536884784967274,0.46349070456281477,1.708563685119231,69.10558021716786,4.909876529755514,1.9866276827599665
222,0.0,2.9013852201594967,1.8644868248827906,0.10118673151915425,1.298657549851763,65.81190512464428,-0.022681447275908262,1.7706225421810757
223,348.4620095234045,2.9499786457652575,3.2562206020178865,0.2799184058289093,2.2458220773542688,55.19078465130549,4.3773153013421915,1.7594837204381681
224,19.36977663857408,2.916981978243167,2.330804457299847,0.4914679824608622,3.9493924981197304,66.36948434442901,4.932206500865292,2.97870809637592
225,182.6699352844322,2.827118964793786,1.8626555921965238,0.31599410767455666,1.73894905962714,49.12794058251155,7.969398037782533,4.5618668312785315
226,406.1060569245668,2.8354390086654284,3.833332662790962,0.2817194221228608,1.0462507991647807,59.320855048074506,2.506081605079146,3.193687864464324
227,259.4272227770619,2.861483834422309,3.9316316350315867,0.3774191190742991,1.7091593190414438,46.92976447819824,5.611716054034712,5.769035837899423
228,95.94944815116162,2.8328618133811694,1.9116050647792446,0.3231700330669986,2.1004749622766314,34.14821550275177,6.688519988964812,5.3606255645530005
229,147.83191120578073,2.999493981144679,0.6454886791573335,0.2453787438648542,0.5938549635034687,62.96857958745903,4.554958463576536,2.6897826428750036
230,347.50829897088624,3.186490563864145,3.519542320354872,0.05079942872190077,0.45305419335920083,69.12686606991716,-0.264393656113735,2.0928949044444805
231,145.67569441515093,2.7712883458742676,1.8273988047579457,0.3893073782684028,1.069996769149135,87.10938170625074,8.030207061780837,1.7954461003210862
232,281.2111753792278,2.6494416666885807,3.3026542296807184,0.09094489894008022,4.716921440258312,53.96043502093992,7.24142369607981,8.09690051984163
233,256.7491973002762,2.8416698063727543,0.5419248128061143,0.40660733444171865,3.798702067087918,34.282852724326546,5.686320140074046,3.0012047048997257
234,156.9508758959876,3.24186851427359,3.404625968817259,0.04913317291823275,0.34976847184893417,45.07338894006779,5.120991202667431,0.966847147646249
235,557.1255346318844,2.734360928429983,1.3008567012371686,0.13406080555620095,0.7294996404272561,47.961629217122294,-0.34427469865489346,1.4969920715358098
236,340.969512252339,3.100779634442053,3.242792749584474,0.3113574232014944,2.8647676410205145,52.22746709941867,7.323969907670225,2.205130797485501
237,0.0,3.1065672357369087,2.526301698354384,0.23475450753864355,1.1873994551164595,57.06314385107649,9.459188129985128,2.205012429380129
238,276.91614423069416,2.7718738773692433,1.558089211121305,0.20655144744303597,2.3351383773729775,55.444539385950016,1.6587634387343764,1.6739156221985239
239,155.49276065177048,2.9402595755032337,2.104992317591169,0.6816552682617121,0.3726277818270845,61.65623387697884,9.035055968814742,4.931937511990093
240,372.2492477019643,3.099171607094723,3.1983470874746507,0.4125868136483029,1.682427077699427,52.961345715388724,8.394373389036067,7.189703435092136
241,136.7785013978081,2.7980429524773194,2.617923083633184,0.053121042959720026,1.5496184425596657,16.62056145834837,1.570414029949883,1.5279265018505175
242,233.80149847546826,2.8243750596100883,3.096441610990434,0.49061904250908245,3.254297929157804,53.40700743040173,3.8175692019413123,2.7163217181577854
243,322.5132803610765,2.767659976533146,4.488469215033435,0.4547962996448925,2.2366504783360166,51.30096141960782,0.8136870706709898,9.506972573850474
244,374.15623600028994,2.7026986040215126,0.9477870188068984,0.36081494259459335,1.8581660983818926,58.254002957314,4.804584992813336,2.1602525531985624
245,78.4065124298285,2.7575204818655417,4.129241205486574,0.18806662822322226,0.2839170306201496,44.577766916337154,6.344952687290471,6.325363240582428
246,202.34275990955868,2.671321073611104,2.6163845680411626,0.396148132078496,5.673401908638399,53.35288586714583,1.038595606939185,3.570026912312729
247,182.23856869363954,2.8600246338643265,1.6132445821948216,0.2841761625924747,2.720127364716773,58.343632812933244,6.157408325374096,3.229160288312275
248,156.70339066810817,2.739416128966646,1.18171500477896,0.4365609916533659,0.9067042390928264,47.5993669740397,6.917377290435482,4.335584919256953
249,502.9457318802796,2.8899800003940546,2.3229082397409164,0.14190926688076597,1.8224921683335036,60.13805903345421,6.960435968656201,3.0220191522066115
250,308.19775257865075,2.6215277666948986,3.4336787424424093,0.17512991611967793,1.2180465476407236,51.051873986972666,6.363507716256884,4.004843957264987
251,69.73356817760174,2.904544148457611,2.3844795101404155,0.10939522362794184,1.4148860301314803,52.34988248472651,1.3145279708572781,0.9090287784123334
252,381.6151773707025,2.979941457866781,4.023183560765297,0.15094659543979538,3.758336372840194,6.159368014144988,4.6355779443498655,2.023413673070302
253,554.0066565143977,2.5558517672397243,1.060852940466391,0.19977115884535762,0.726212113102346,32.841690727617134,6.057056330942162,3.8408318276780786
254,398.02033311158505,2.9110205991025784,2.4999396826718954,0.32373719499724907,2.8013489708154413,32.88251276510526,9.383076867017293,3.561736887539884
255,32.731991625602376,3.039062462496436,1.2596351861048307,0.15229284112134703,3.86749168538551,53.244983268495034,5.007397488462559,2.3927139045551318
256,180.90890746687109,2.673465960821762,2.875660513142918,0.27150653100697675,2.4970373210697145,69.0749784994475,6.276623882827343,7.798719881344241
257,431.58063079003205,3.105797971651098,3.39891602061525,0.48509930163334536,1.4727070483983216,48.223773429258074,2.2039195590643965,1.671527152810492
258,148.92473262670316,2.9177649650303494,2.0912668368368967,0.35969416552293865,0.8493911199124307,62.72447268957302,1.5353178915023848,1.5121941884900616
259,313.75726721750914,2.7491603352616814,0.09218522610918445,0.19668016242726186,0.9587875069290208,59.72378984488804,1.1507840308088353,5.7405469282883494
260,361.11249006019733,2.8465467519767866,2.7109767773144444,0.015531497830961472,1.85135586577718,52.09840135205477,3.7391951776674337,1.518905252267395
261,117.53811001584091,2.938661150503701,2.9487671822514594,0.2799801593212404,1.7361086607989482,58.60965051247517,11.186153459020579,4.5280722103768465
262,241.70481668731472,2.866312922337304,2.9163233854796475,0.18606212320601692,3.051912846695931,53.68915578247757,3.7937712216804487,1.7775605795588674
263,0.0,2.935725512492398,3.747810822340104,0.11690970530073955,0.40281380622141394,47.86579254810833,6.0938790618261525,0.7399345144590338
264,103.58737858287208,2.7168110746635374,1.440974950868901,0.28672806899006137,3.726110541743407,55.86620524499802,6.671293875712986,5.337907579899092
265,214.0712603314894,2.880316237230854,3.192244735968399,0.4524646695830735,8.187236314415566,71.69947114702595,1.7254126728915216,4.9090188035614695
266,71.60890846665646,2.6428549390896956,3.7045361429959245,0.17178147128900662,1.5857189129385239,57.09123460213544,3.6946794481635834,1.6028863347176316
267,483.9009937793489,2.8382282044231375,0.7334410465114329,0.4198229253993504,1.3984550387569772,53.26956680057989,6.873245416797573,3.0140392758901426
268,45.504823735878205,2.719325967405724,2.831680456436927,0.23346542109232404,1.5075366065281752,36.83824128245779,6.284982242508269,1.8155550796879762
269,187.23452774010116,2.7445826222369774,2.0078487995102785,0.3430824449809528,1.8027245354834065,71.23812723896914,-0.9819838800377241,2.199171980804802
270,268.940872727312,3.040326089907008,2.4305059574163037,0.4799059691988199,1.3110166814802608,28.894272035015817,6.7832310618717555,8.467805044024795
271,456.5401016183097,3.018608631714583,2.859705114056286,0.015933791449791294,0.20882673887497205,24.409053791028484,3.347028827468647,6.050752720301436
272,44.6859104536216,2.946282831761519,2.0248000664043975,0.35244812387156554,1.4811824970079455,55.57191032476265,3.425548411121404,2.120988375032524
273,416.7294702599353,2.6910651989245555,1.836320551356338,0.6577252418827442,1.8865845828227932,36.78859713327918,6.2145970788908285,2.536870682367659
274,251.69054625781126,2.807450846171222,2.5461810480059746,0.5379363637806488,4.003826556602099,66.33648504271167,9.56880777345138,9.205915940797757
275,109.7253905844313,3.03687676862232,1.4247826916551471,0.12275555219550162,0.7173787666641949,24.74441561951025,4.398696119916916,3.1194256066295445
276,316.37457918670503,2.8761696506714283,1.4262035016327643,0.3162967511292953,5.1091928989800826,64.42709708765929,8.537150646617796,3.310506407976165
277,278.72057055096803,3.202811544622697,3.1914019134744533,0.7182985797189214,1.238305344251637,62.31472902106851,0.6772316963544593,4.154354845174127
278,164.30628133299646,2.9139097895345984,1.3632345953592937,0.2096374939492888,0.8000371392038462,51.77023946161859,5.392230037736391,0.850100410898669
279,260.21769164090045,2.883719481098947,3.1783411314271617,0.47984139810788023,2.720631732565176,18.506425361295364,3.3768337822157606,2.64256236551968
280,195.0691072491165,2.8085446439950674,2.974619923371901,0.30096354758337374,1.1227582742823305,24.150453195210957,5.8460209602681825,5.751048988499046
281,266.47541343758644,2.8749432493427847,0.7862219017273531,0.21998463055148423,1.6097405825258169,53.59902916587389,4.111077791644695,5.011526351344509
282,345.0079343012186,2.832041638168361,1.8344639781822947,0.47774106931540994,1.696641594258784,46.50811999421829,0.9768157431085864,2.3698335287747305
283,477.259747776662,2.961128415128731,3.7061380335653222,0.4771332841901341,2.6105827584298216,60.909954273545054,2.3377719115965734,2.6460626275460153
284,73.03575546842177,2.99841746114463,1.5308630993782681,0.13018424985566324,1.5725178791206842,48.97675562403145,0.07039676043024201,1.2239430146328687
285,555.5636952056979,2.7370136945492503,2.047624368208562,0.5303993887030928,1.4395845291437466,47.672290516214986,1.0792963131538462,4.273149303915962
286,0.0,2.655227170591776,2.9740895237698464,0.0053680844501438315,1.2117503352949663,13.605236398118997,6.440973124625144,0.8447136476715417
287,228.49808347601,2.579481307659948,3.2954191398005452,0.2142283776069361,2.425752109611483,62.336484676589265,4.246888610428332,2.1305949154497537
288,334.44173510531755,2.931110812662324,2.260489744473454,0.29078800334020394,1.0737324271834983,40.26280722861639,5.692593230384263,4.437987845879322
289,290.448940381582,2.6894071226993614,1.914518435826308,0.21064687555536693,4.094804457702558,44.02691114421165,10.446732444785216,2.4308755689173096
290,161.08795157375172,2.53197852468257,3.9343984922164577,0.2798311894927176,1.7113040624736457,33.95331435336274,4.112084620363218,1.3496230806416378
291,220.43357138771063,2.913198904305087,4.250928294315528,0.18351478160566112,0.3022042771045457,26.893834040744785,6.902851799546714,1.1103518375076065
292,179.65395480731604,3.2288620412403612,3.490886681299745,0.26322314115715506,2.099351520930454,72.08206742247678,5.0844065366037645,2.4022391856795213
293,165.85973312079886,2.8540014768944584,2.597346773082974,0.42006642843461356,2.3593957543066777,61.93231542432332,13.288053598194507,2.4496993485787746
294,371.8439636379648,2.980685729793189,1.7037629088770234,0.27754244114871157,4.12619505295803,62.17993363031198,-4.052940678242162,7.021198938699214
295,301.3315166265375,2.8671865174075775,1.6815842239613845,0.6236265478175447,0.8841521247568606,46.75234072850949,2.8470131720836354,3.0999091429166383
296,151.03756832536703,2.840078665646771,3.0345427357837074,0.2746747326009883,0.7717235786362406,23.931163310513075,6.962071922694443,1.2796733027248732
297,379.0010109913703,2.992773586073608,2.9304268514066334,0.23117562051690402,2.672984409506178,81.53067133756709,2.741283813716181,2.0716359158292494
298,294.2148100916088,2.811370931997145,3.9136272234643794,0.7501009462025124,3.6744381869150886,56.33437446895094,6.698214671929943,4.318422803129378
299,366.5847346889477,2.895020960736228,3.1624787230540887,0.48770314027533535,0.8529629902662785,52.051838001154934,4.8197624213099335,2.3126979564964874
300,340.3553844808167,2.9031667845548443,1.0089483287581318,0.38579893959303424,2.0434058772986408,44.61300466554383,7.594846514034911,2.3569587262842773
301,131.5573075032487,2.754698545578985,3.563976248240868,0.06754745429414084,1.5938187952711007,19.331656205935776,1.6036315087170223,7.367596988055358
302,170.0373035917562,3.003718466055921,1.5139680032035367,0.5795435339820293,0.8802242824751144,67.12338098415083,5.518526931849064,2.294420094897173
303,357.1987785033241,2.828668150121131,2.128057358565598,0.4220781732681007,1.5213554203701425,34.134447396466165,6.398054690040153,1.942179069446756
304,337.59857111277586,2.741550339701516,2.762228836769644,0.1076063974617847,3.496918077665301,58.19853744293384,5.39536747463401,1.797579304442403
305,247.23370423148543,2.935388590161003,4.507696120301914,0.3737010222714219,1.7169383201030484,61.56250941685346,5.4482374547626655,1.5673514296048756
306,267.0208101264397,2.720141916356787,5.621947186523311,0.13742430887514978,1.4585557661912025,55.01236432809733,8.60729271733868,1.628782143434746
307,433.1200006600501,2.859139287230812,3.1187516896541325,0.5327875402080797,2.57374311092309,57.049603104978274,-0.039717239514685865,2.3646341583578643
308,165.54385970719164,2.853544264128812,2.328832011797562,0.5502437465751491,3.7168850025470945,70.19179627847446,5.374901572375054,3.078102310745127
309,328.5412281019281,3.0177964485001794,3.0465342789985,0.45279732056725525,0.7056377523833395,38.11376882250542,1.372555601362162,2.855594970826547
310,221.28237736413612,2.9261168485574354,3.399684056391786,0.18582648585372022,2.106463312504622,52.46753885065259,7.272832810778931,1.3215533337599432
311,219.06523302325166,2.8511580698136707,2.191361004960758,0.43911412045465,1.2448768399131547,46.623418929802455,2.4861992528908523,2.136444459150043
312,407.51265887203095,2.9775770585054855,4.307239986430272,0.08755286918647076,1.722838921793353,22.406524282668453,-2.417336974283044,2.2080439855682004
313,368.3818389306928,3.0634432459780396,2.742099389709352,0.30255530983062434,2.719950699157816,54.294999948005135,7.344402242742351,5.996291251600223
314,366.6774250271077,2.9385836595782218,3.009771719609344,0.22692574261383391,1.3271928680402572,68.76875894787028,4.194886118123094,1.1381863060309643
315,437.1014871790695,2.8564650066019497,3.177952882572411,0.22079468487527212,1.5631612833687094,70.64501238015791,6.069888848304807,1.4151350035155852
316,253.2323545006904,2.6581366787729186,2.9336152411324052,0.0932182061227306,3.3017127746123403,77.86215813943595,9.281026708097185,1.849002242148393
317,347.8454427099821,2.695145064164137,3.350969130987562,0.29187932762260266,2.3179787665683906,23.394213131161354,6.1142032577967065,3.1940463375442514
318,205.8118603589701,2.8091284079722425,1.8947754439710267,0.12935005514766454,1.5355381106307666,74.42941546821862,5.508284251726846,1.7154843083933877
319,296.6292516204405,2.76348528330155,1.9537268765719191,0.19306595004172766,1.8535352020492684,52.7725964654057,4.8581888623117075,1.729308515450348
320,231.59608332327127,2.8268664181776257,1.4118743975462549,0.3841686148129106,1.7520303930618224,74.0084376105494,1.5580805487529652,3.050855794220393
321,264.1104223398019,2.8634096023600084,2.951529861138176,0.2900182703688738,0.276967618820732,44.0782638620686,4.3542564257138245,1.4542542416443647
322,335.4208367711353,2.934366026778952,3.290965134030064,0.19685360478657662,1.8774327767566357,42.037992818076724,10.921695735327749,1.0837414281748268
323,133.0996235004243,2.8443372969165788,2.9698014966698354,0.1316670998839262,0.5057603746892314,31.770911356596596,3.874342309598306,1.014074568386162
324,549.7453155835718,2.9278873601993727,4.186521063865487,0.34576405728229137,3.645977608041271,61.63966349609241,4.531959021730234,6.712593883858718
325,106.21703181359157,2.8645832758469605,2.5064326116889033,0.35987407068966043,0.4938571289499119,57.717141057976235,8.771254676316037,2.5688333710049487
326,76.41788058608748,2.5585921286723616,3.1807702861104623,0.16974687545557585,1.1945405906406537,33.24485656654512,0.37613401729412566,1.3720424118821524
327,416.00616428609965,2.714011804552629,1.4203277543786355,0.20723311870103758,1.0138279744386627,17.537948494804994,6.860372152870809,1.354471964561942
328,363.55009410048575,2.8332989802672004,2.124928928043549,0.2979050442506653,4.588545410216448,56.228678514850905,0.23336024058485094,2.796945930681289
329,339.56678240431995,2.673457902199276,3.2075663880837273,0.12899233875418872,3.5425808455972874,57.93755550417099,6.197566150644379,1.3993211628468518
330,340.1716788661935,2.944901423124873,3.3611307412610936,0.3257121702747576,0.11714872212783894,35.19572732411351,4.9327716548053955,7.54726812483718
331,248.47261857005026,3.084524738476997,2.2180616828537674,0.11183973069886616,1.651166805592382,32.182573799435566,6.837200482394041,3.567291391466558
332,121.78616383682245,3.03772639138004,2.440429378659883,0.14440003664758458,0.5980799766837507,59.83802268719372,1.9625768895368267,1.0859745231078284
333,261.0769295174773,2.8228956829859113,0.9941548838371403,0.007274704741306602,1.8827865959843448,77.84590547487329,3.39490074592529,1.316547046393984
334,153.29183548049895,3.0785210341529354,2.1549994297113404,0.13863910240454763,2.6761749562658683,42.57514701637901,6.992158859916749,1.893636259100572
335,389.8114753136283,2.877212232205759,3.402411794037736,0.0468492653975621,2.0035573424873214,36.80541600915596,3.470502450494598,2.690931615024345
336,229.17484293826496,2.8043492179577365,3.087233646624516,0.20079260746707878,2.7920442966924175,54.48287695625869,7.266545781585508,3.5973948904191557
337,132.05801017752103,2.7629017140943017,3.0126943518991594,0.17154965153338303,1.3563514693783443,59.52879597272106,5.627509432066255,7.5774259010651495
338,204.22019327245425,2.8095416606522234,2.56180231769891,0.05177184339479075,2.0512772917960382,44.53564856161383,3.6627447262095165,3.521661874036422
339,309.33573692830316,2.796685590844258,2.519091789146126,0.27036668637481137,2.7223625806269167,80.3763662523793,4.053937465907975,2.059240220751912
340,169.53005930348752,2.8804745469817656,1.8517074910445026,0.5279243840181365,1.1570639683452186,63.525276832125186,5.010514495005857,4.026760102526483
341,132.52707544976957,2.8789982107829224,3.2108570507204846,0.6678969467219104,0.7895331324302614,44.280939409525,4.3394536578757945,5.29167814721572
342,285.1088792886028,2.8553690166484547,2.9330015749073395,0.06144969359913295,0.9665821113044276,26.11275541582692,7.1907492611988495,3.221117851314795
343,285.292016172887,2.920452839087395,3.004047478510749,0.3090567782564249,1.5193423065029403,69.79132681722308,3.8861620114277478,1.6469348785387123
344,177.6581605908657,3.033509054843394,1.9859937878503695,0.3527065663574891,1.6861427839868215,67.8789685432261,3.280907221363336,4.473241344349693
345,182.79784601688573,2.997345233941641,0.3586857106467054,0.40359326057619216,2.13958478275537,45.45870695057351,7.730755044598583,4.852181231622792
346,283.4430348313377,2.632177418357957,3.609181342271645,0.21443261539524658,0.8847506809141126,55.25863186418817,3.7336125077816273,2.0588711889787223
347,42.93633681964499,2.471823943390149,2.0331911745095455,0.34084369794317704,2.778181588604262,47.742951537762366,3.378885139204973,3.604954659397856
348,48.751061626186385,2.9950601003113335,1.6492528664748292,0.41236108761951057,5.292725516419873,57.808983216634516,-2.456991404713211,3.5205702581765963
349,147.38235537034518,2.6498803088631293,3.2055075424319437,0.5724359543433041,1.0203238386475697,34.62575703302477,1.8814898941882117,1.7742156784244054
350,219.67132609687656,2.82119730334154,2.1200159905988203,0.2929788735913856,7.26049475790571,32.487213198847314,2.4841175640103668,4.230097544527851
351,294.7312919782903,2.6793951597165386,3.5719650145645714,0.03928016313148428,5.763049264382157,62.16295599140785,3.3796082224760755,4.041706835210829
352,461.4189809715733,2.5846150479884393,3.1290345800946473,0.22325775316575855,1.6820513380262112,64.06422265264396,2.8335823501134105,1.6436286135785367
353,372.9973768147107,2.9361315228561606,3.195597953718427,0.3399068359357701,1.4838356704990843,42.63811961567591,7.949150446036855,1.3532092031242362
354,227.33094122040094,2.9687853876708394,1.1460729193174155,0.18368118718776022,0.9545650400609964,38.76318386058463,2.674557066646753,0.8413639344995361
355,247.5035921695066,2.7684355535164347,3.7239726159043505,0.3885662769655529,3.068754683653144,67.21349678217048,2.898120889284271,5.005123012903622
356,106.71633203537786,2.466255769803706,2.7732791617518058,0.08462733526759525,1.7699960486424031,39.27106221027231,5.466962591299196,2.9505051823541404
357,247.57560555887144,2.77297544638757,2.1427514912717465,0.6434052833138456,1.9142496109045752,50.83116883978649,1.6949543602139574,9.417593854867393
358,208.9050042208997,2.9136827144358244,2.6554170978602007,0.17970506049704416,0.8049714641090648,48.928775324410196,9.691976464540328,1.731939619991678
359,296.4220040725089,2.6330753783093233,0.7357933976196298,0.0990454947431122,3.1292150137826575,27.99641081972121,7.406470373488436,2.4555023610719124
360,131.80982899721982,2.882416101592316,2.9206814419986205,0.1320147770620504,1.3918173257519537,52.881714006180026,1.495739143676455,1.3648433905720254
361,324.56876622431434,2.852615636249493,1.4826571223358782,0.4865241768823066,0.6421903340365461,51.416104301062404,8.041001257600513,1.8623346085924506
362,469.63315940029236,2.941805838565606,1.1593583446744153,0.14214708714319613,1.5813706335532682,55.40286917152409,8.665124418559861,3.730610166177149
363,234.65698872781584,2.8728491688875657,0.9896694443000587,0.3203225821877145,0.8530308386240875,52.373463044799294,1.5736557892441594,1.8074518058017706
364,307.729662477975,2.7089517724932093,3.624717005507875,0.5834896095027,4.130224197175218,82.0353111412006,1.5045001527235273,4.06858945434419
365,349.01796522703756,3.0343978388751163,1.882765236825161,0.12776866366844378,5.713841136501844,67.42517346984846,3.1687605623055983,2.5435389924402596
366,192.79208092099915,2.831132677671397,4.045756340434449,0.5111639862554721,1.6166409760524276,50.58213500682203,0.7543846407652754,2.1029939276555263
367,282.30394649636196,2.8508164326989527,1.976227167465652,0.40875435210312244,3.475800831237815,51.95358625774308,2.6591343967316816,8.746076717001735
368,252.0282793919052,2.714921919764463,0.804670672925003,0.04062935717394039,3.4172437206269146,76.45428811626185,3.79962624584377,2.5369141137806603
369,264.2077816270009,2.788419775946716,1.3955041905692906,0.43840097094062275,0.02224753003384418,62.946316790078704,6.5124570841294425,1.7337952195736093
370,139.5714420094506,2.722191706521407,3.7478402505248885,0.44352682389611603,0.9678900901259846,31.564957092583303,5.24367650945075,4.974298173433961
371,253.73427657481702,2.828970204636929,2.356130452581282,0.035930195465749236,1.8295152306700129,64.23422334210645,4.555935480395916,7.1784029923824635
372,321.51282558567823,3.111668385646794,1.9637413340273489,0.25996915860043185,1.1821875121708192,68.64201623089915,3.5504801152252616,1.6122633615505548
373,457.95301116708384,2.649126942185739,2.6720468563707374,0.2884957018176471,0.9030872452469784,74.26575613663677,1.0761327501098692,1.4185871082548025
374,387.54274690446726,2.6128779039439314,3.013811366685495,0.20906870283677964,3.5742371414710923,43.977624775887676,6.775153180345962,1.7142089887101848
375,558.4479821620906,3.075587662749484,3.6294274464204106,0.18510293303371547,1.1438640795058934,42.88324256796549,6.708122470471137,1.978562369890999
376,140.38197369458123,2.823513562052663,3.960527860410876,0.07187748488844417,2.143728544344736,35.87277467829004,3.1494542270248553,7.017607906427538
377,375.0960614229913,2.754551202826455,2.152259984728864,0.34772456456415163,3.3640962979776607,54.621911965042,1.6965345766267306,4.603676063207463
378,276.4706255732413,3.010897816734854,1.1859809444359115,0.009063576455491072,4.293745177177805,60.99301373683549,9.668313312581251,1.936216176562388
379,563.6901046534535,2.764069782664913,2.0985634693946738,0.2707572855994038,0.6452837290348066,42.300062199837434,5.740191353260795,6.0821454173018505
380,134.51998803920367,3.128813570657483,2.772309137100836,0.2061700110820898,0.7001863080804359,47.872770534962584,6.190904873975128,1.2720237250857065
381,130.02179049212165,2.9566009943263327,1.548269704307339,0.23538928965900957,1.9727915623237595,19.194233065714037,6.3204435820992755,2.100592844929162
382,164.42426788360214,2.781725402403587,1.554877715622907,0.37027859563450843,0.20511174850016448,72.64173575603975,1.3925489042561212,8.143805527921762
383,0.0,3.178508345615268,2.855816512067835,0.20744051778707873,0.7325935181052631,26.525354427498545,9.497829752050599,3.652493691739915
384,174.96529544527965,2.7640548751749416,2.4633762789474987,0.33200075489313624,3.8424505927433215,55.62169628289206,3.7895062011673075,5.399775540270178
385,141.55791470077463,2.9662264194268384,2.544825625929536,0.24355644163812606,2.6287779873665116,53.57382250058521,7.466126011786828,3.981384939801966
386,271.75417670374736,2.899806000686416,1.7535332958178804,0.18292874408417037,1.5193272917576492,50.68711952797395,9.375298110280333,2.6849872560048493
387,299.14715883159636,3.050173307035262,2.2816279163121824,0.26544838867192205,2.357575693971125,51.031953175095346,5.2441280960546,2.1925721555790396
388,518.7945148972171,3.0891387931344703,1.5877954862496453,0.3712972710645472,2.757223073792558,34.82328236415749,1.4555647737946504,3.5675584117813806
389,386.2763244085072,2.8597127359853074,3.4022270416427367,0.3393430997282359,0.4468376001996032,45.07902193708258,-2.480411540457208,4.08234183450457
390,167.64350621595855,2.741899433073515,3.5472779652417024,0.01610866484751807,1.1269246164200295,64.53425978378256,4.884752572094186,0.4795784049071793
391,121.62007003577827,2.92390793506631,0.6658407682798559,0.3700401819965376,4.1951973370742905,68.97733250654954,5.750433343197662,5.038819131909798
392,320.6426159639642,2.7532548081626267,1.5825177703255398,0.3093305217887315,1.9987268070391992,43.6864859213759,3.2576745989431433,2.168047930255343
393,61.23788246217046,3.156920200754436,1.0154993754278707,0.034376929980175934,2.0868491414527024,26.593707042846297,5.407056360370751,1.9341030695435124
394,512.3941019892873,2.875392413287853,1.8620046961110517,0.4080696401915166,1.619886667107076,38.319892230544305,6.291034514513173,3.8192455535536047
395,419.05938859371065,2.800113880928626,2.428590660727589,0.28691050458305856,0.2792637495026457,77.79045642279323,7.981783372383905,0.22810814664601115
396,183.06447985189408,2.8826141595051786,1.0623834108194197,0.6273568756267822,1.006205177549445,39.212832650191615,4.314303826621372,4.389473258248696
397,4.99511615188419,2.652843170195988,1.5901688173926365,0.13000318586576287,2.2570697747807316,48.54194494610331,4.86397497961981,1.2957185020998927
398,444.02889598997456,2.709170007848845,1.5080712584364513,0.36834962922318115,1.1492915627841462,71.23868543029738,4.464199011699337,3.590841224760892
399,233.82964069417866,3.0349741998171065,2.7192959599168938,0.20681781732201704,0.6676717326845022,42.09655991994336,5.100783899980549,0.6948400102533299
400,427.41578318505725,2.756377971779733,2.5813729675542003,0.5017603426553671,0.7535164559682715,47.516969155284855,3.4604468572284084,1.2919908648220997
401,21.98768499928201,2.6978754662231514,1.7902910771806964,0.25704534872496765,4.252843984952525,61.91747436134466,3.4461038465165474,2.6381468511889143
402,164.4267904956302,2.9354100265045355,2.6888495026573476,0.6041340990775811,1.0981100487696975,75.67710301294258,3.6349314821830943,5.620210251908503
403,250.97633262209771,3.032767736824892,1.9653485459306843,0.07846811578243269,3.6988184654171796,40.31672202957532,5.46879872485849,2.2933874270842822
404,256.950856622193,2.9627551102252023,2.2403735201918966,0.29559458383927883,2.093947223165901,70.88142866181775,2.45805791644659,3.4514804906137835
405,185.80005075148256,3.004319266496315,4.185480720816487,0.36847770164693944,1.3858123546930448,45.77706935203518,3.64701820062077,1.437592167496552
406,339.38500182819797,2.7413928503400236,3.8524896823082977,0.39310715634519816,0.8657232842386128,36.71106941802593,10.425769901364225,1.9667551191393193
407,97.3987213843395,2.641640513614166,1.2124473935903521,0.529186384271065,2.6786246065282855,53.74334645461336,7.689198021513148,3.177993613195709
408,229.84447122357994,3.0801121614187656,3.3417610483971245,0.30996582592299404,3.3979780465368132,32.63647913347104,2.1287567682001503,3.610517743646864
409,267.44570689290447,2.806510137799122,3.3234251850095418,0.0567761306426929,2.860739898980311,57.08017147194322,7.594018791780705,2.0310091033569107
410,323.86624502084453,2.8172871611571852,1.3637653417653315,0.15550031250253407,0.4967767284536828,97.24472016701813,6.882176222251054,7.865004590317268
411,352.09146479852586,3.054141234902801,3.3308062742728106,0.0949941831727461,1.095549978039458,66.5840122288054,4.688241465563483,2.732077891441547
412,89.23622394300293,2.9383466150355413,4.049960548930502,0.6594625321905624,1.2085911282155468,48.426505433148165,2.876081158980793,2.822021515884118
413,30.62139841203512,2.9232952794376836,1.389483824273536,0.23492957049674604,0.21726724875996622,65.7830286151165,2.535457662544287,1.1842274747498704
414,433.12170785059584,3.179662465360605,1.5945258095036863,0.2024783509487901,2.3407260979761944,36.027174070741026,5.671520518349709,1.8380382024512723
415,297.795567137838,2.758384379068421,3.5296900973614522,0.34119850118462985,2.583223425819934,38.54488045996745,2.4612990134104775,1.628803413529235
416,143.0818788278728,2.994088132837628,2.783523941343598,0.3712930873250693,2.5203032188954304,48.84252837183103,8.291663989015476,1.971770685681689
417,472.2689397201683,2.863464082360005,3.063504905757473,0.2579043518687058,2.2335961107740347,51.31671799774756,9.142419765365029,2.0042306964224315
418,266.78422355507786,2.895200955454931,2.8526178469184464,0.32843642335088175,1.2947141789556673,30.600457711853494,4.8715865072957225,2.2907700572338223
419,419.038927596073,3.084182377587322,2.9027245514460938,0.4197319573933808,0.8357800375942905,45.40283761834353,8.416342435766389,2.7160726833612676
420,259.89079993737175,2.931087477068886,1.1855565022068668,0.13084133584036514,1.2910021585759275,47.83116924520918,3.765353155091756,1.1630769920784707
421,545.2162277096176,2.9356565254828872,3.559346337139398,0.32750574850149805,2.106303487568848,73.1295852175795,2.8569446501476414,1.727668372352954
422,501.49802621158284,3.015788214221913,3.6816186229457233,0.3090666018759184,3.9318285122925776,30.599817254977538,8.300825540435719,2.8327131044871723
423,214.58716364433786,2.8001692041940096,2.282637886449922,0.4432956418443808,1.7694158148582748,29.209271891216407,9.739600866816522,3.91332818438972
424,389.30347665960716,2.7290306635245916,2.4685516807040875,0.45195397183953334,1.7242008207983417,52.6356341390685,10.889473960976648,1.9427336407055114
425,342.60954054118326,2.6981907345222873,0.9809211279622276,0.17662501625710236,0.24256168144764667,67.26314904091089,5.997965214431324,1.7547283139743373
426,446.1416333476993,2.5599586252190423,3.0262833865357845,0.06628959192412616,2.209058803461063,58.27389521060773,7.5863311855688735,5.993728999467004
427,112.0995159418612,3.1633431831164907,3.0840860722320937,0.2660565893616861,4.124156577563051,54.540153401344604,5.9318516853984455,7.1268743344803225
428,348.43213033210645,2.68943085876719,2.4498376135186386,0.350135842218205,1.5288180253893568,45.67087954997704,9.21013597009577,8.069170910687605
429,401.7363264572069,2.8217240700875768,3.6363819903884522,0.5160959312188699,1.4401285647823656,60.14157393942248,6.299852400317777,6.084118031082655
430,0.0,2.813390118642104,2.177951399538009,0.1097055673936324,1.2273793485798932,62.40333829725063,7.415251365986101,1.5819925425107584
431,80.84544113474357,2.901023118296808,3.07663455641155,0.06263991629038376,2.742572207217502,46.14033700722985,1.5937446343914026,1.8589293697933589
432,0.0,2.977272695506337,1.4923642918258342,0.13255741096760387,0.22881402222174682,35.77063234720355,4.306511673896983,1.1040940370832408
433,211.66084819328992,2.983983136879404,2.4884764796437118,0.05832776626883096,3.7012848033628796,35.86816856970786,7.440908445926707,1.5013467968829726
434,352.939952956965,2.7674504978401018,2.337674372615114,0.32540251244543544,1.3905175105670846,63.18101417071498,7.171918232208104,6.292111456052443
435,465.28407781910784,2.829843856557481,2.7373365525588915,0.28860452011995313,2.2382338693094157,26.835900183536673,7.696709629607328,4.33470340291712
436,260.83217943296205,2.8972991061986875,2.142501701684591,0.35318268862041563,2.8938360412100192,75.15588762945669,5.361963941572659,4.453295916347408
437,483.35764119069825,2.8176084446979104,2.3805560348462818,0.13398942398866828,0.7450546644839662,43.15811459758095,3.043933990594161,1.7061380748711223
438,52.66790350770475,3.0960139500284414,3.338075801959456,0.4067854267970843,1.6410841484074716,54.642978954563574,4.823160399443138,5.715725973279067
439,6.391101538630124,2.9285583563711803,2.075264393279732,0.15629445451515767,1.3666993715580922,60.52565086965639,5.14110309202551,7.121406545606776
440,242.27420760008883,2.965143781532915,0.9054515297792705,0.29695838258246554,0.5893843811605358,39.74471427456372,5.725222425597726,1.4661347674922713
441,305.2036459903355,2.9543443039255544,4.261612534723371,0.6434014985611503,3.379677902187945,43.10153236017132,2.096403719344739,7.717718809808371
442,245.54554597256995,3.0309331922482414,3.8934827092084365,0.14212150321881287,1.2796537217258854,51.97955002918363,4.202400242938106,1.6249668422352306
443,0.0,2.8820653474309985,1.2197659354123311,0.16699735743790217,0.5659734777716493,37.19418771176589,4.733997171517613,1.6545691924222603
444,237.4684174393038,2.6603873214320655,3.201736435763144,0.12969655149386994,1.7184645162104384,33.98537355001137,-1.7266649762320885,3.008826358674626
445,63.494414603828574,2.9148653063883385,2.0090538599666066,0.1782872715496214,0.4219555617846479,35.33326632980382,7.497514344121305,2.505792611623126
446,346.0875333009551,2.7572085795566683,2.7755158458490095,0.1707652951825317,1.1496028025282286,68.13719429135318,5.492047869921834,1.0618439785030616
447,302.70326293642665,2.775619611362979,2.8062527595314437,0.18526477559652793,2.0756844433398767,55.968872700729996,5.795956611344657,1.5975457497754966
448,115.68445047739968,2.9428667164387066,2.2776208302016276,0.21893111788688133,0.3766865362983858,38.10249411685478,3.4535110669151576,3.7958566888674126
449,176.66704557167947,3.040654574340488,1.7282629649315533,0.3382750971926416,2.6209950695346764,63.09139184351146,6.7587511265907585,3.461777110876403
450,98.60214755523089,2.8581028501358516,1.8214875782016904,0.4604493989406266,1.7871565206540552,38.93367129750677,2.504222528199687,2.272282238968684
451,241.25336712481464,2.901237065515287,1.5958367150367074,0.30110227435041076,2.905370862742418,20.7438169751389,2.9755572673065895,1.8730553460080608
452,386.9517624467251,3.110244355320728,1.680206422287505,0.24097964885512327,2.883034699670496,60.45213486740529,6.884990137225389,2.383577782797998
453,109.12168180496383,2.8910250905487276,2.4448503404685944,0.041859411542165034,1.1167237475779626,74.69346427714859,6.071485208432151,1.3376293828191457
454,322.3786126045462,3.2451645807525016,1.796268641407198,0.649237693775418,1.1425310815456975,58.37059507278525,1.1671992044951192,2.3182560807448707
455,174.32076085276344,2.939738560470174,3.1940806962305697,0.2810720906179367,2.3587169843266342,21.689945728473734,9.732112610264107,1.9409773303376665
456,136.72810011415856,2.59079769975207,3.999274785853877,0.29134280698889403,0.6413120667274984,49.64666899668869,2.7245070392805584,1.456720729943675
457,234.90460329421242,2.9679133567911222,1.9319753891479068,0.5462926117906662,0.6453740846465639,45.881330003705564,4.602219336135983,3.900526133372659
458,102.03356021335296,2.912085871357859,2.751433131053327,0.18968961415942878,0.9904858412406098,55.67318243965839,10.240362159805855,1.457870413872318
459,170.97230384785536,3.048375026737854,3.0117137408208836,0.2485969038960578,0.4618379219445662,37.29096084696809,-1.1793447076302668,3.7912645279618964
460,78.75271626356655,2.955889316315936,2.984030901437224,0.4392210898888791,0.5596832181399173,44.99784124859692,-0.11878245990891934,0.9755475418328681
461,531.4708235951032,2.8341437160278766,2.5879838984340373,0.46360692555333594,0.5781522193665879,28.69875525465933,6.325801061265553,1.4816059711886647
462,255.2735936393657,2.6712673781820375,3.254711048877672,0.2672577269945208,1.2834390770463868,53.32656173662078,-2.4356101475614587,1.5222921974149097
463,150.0618887706294,2.823558625032539,2.994277583198607,0.2819303733536357,1.2360992159466908,29.256561210911933,-1.1304805074553634,1.8843342179008684
464,280.85635917637603,2.7273340454940476,1.274366208190652,0.5692730228078995,3.214825369963572,56.561367285844014,8.525473478882425,3.0371056191184405
465,234.14625327326675,2.767833596154734,3.381184694907223,0.2236700886792262,1.3020622577129133,38.741792164954276,3.7733798947877304,6.783152964202772
466,218.59450794653364,2.9431988742885338,3.399319467784692,0.23061271313703677,1.546586958827438,2.878781880551813,11.588268677890447,2.350581141858979
467,338.1420205047383,3.1053977892781535,1.748742526339368,0.3531544202561912,5.04713227181956,61.906372146486994,1.8956906658393011,2.9696839543153626
468,358.6609001202349,2.9141128430988896,2.549966465965552,0.23214236376262243,0.12364961071484953,57.410600288186004,4.044554603388558,1.2097067015037983
469,174.2859002980693,2.6755296543201648,3.195357623329019,0.23843899928388845,1.931872659522596,70.29413071656049,6.621892178535757,2.603626925839864
470,167.79888045310753,2.921602513858464,2.302714810938588,0.36526332118874694,1.3921760659850477,18.648222392451423,6.414585452525717,2.5006294764041037
471,210.852801296386,3.0344068366222903,3.5850066782839614,0.4133211757037022,2.078020021262439,40.181756902454254,4.235301153533465,2.017729989069069
472,0.0,2.7634446779775352,4.875901125137311,0.1412777499469272,1.0443428474773797,51.973894408427995,3.054619967172746,3.2253317443999623
473,33.33019044588926,2.834809538624505,1.7260425978829674,0.2789410612672031,1.2953745796758969,58.57558839554475,5.694086973023872,4.862883438319711
474,445.89008200338696,2.857115342834822,1.130984027364175,0.4770180100982217,3.8097136854125146,28.056740933908518,9.130657658527548,4.3365750523096995
475,485.69840999928147,2.7371773666631065,2.8158472261228256,0.361797462056256,2.3355922925352797,56.47189936590823,7.288426068719884,8.628233811385384
476,214.5768726301989,2.9521541787020213,3.2335911356440934,0.2961979733556478,1.3481494190828738,41.423346370859186,3.1025947510695953,5.367817205907647
477,332.7582879246527,2.836769891334275,2.2811622566731806,0.3462252555015791,0.8536579622126838,22.173820047698904,2.0246820617619807,6.169453870835581
478,294.78033266337246,2.9178419802114965,3.965289293838984,0.10846004019288348,0.6391141077575784,38.73978519422517,2.921633036870126,0.9999343654275076
479,690.9592085219649,2.7217882869551273,1.173422830794701,0.22690828159919452,1.100661118100432,57.715657049207856,1.178771343902553,3.0264241559106804
480,410.48984508011836,2.789293368576931,3.2049472535495607,0.15051581206901055,1.4453667635269567,22.80052891450549,5.4422284469817335,4.220712529571994
481,231.91465234315046,2.9632693172996083,1.9061678097590564,0.29450633404439086,5.03463663678425,59.55577759413138,7.441358536202851,4.593237700438947
482,113.44266998680351,2.7989871408116773,4.231406536725246,0.5362160322633829,1.8289677800657187,54.250670036026435,4.78598000449879,4.38128519238297
483,20.267245972821655,3.1139566913104533,4.504543983686068,0.13751560636675203,0.9450616865144542,46.19211384282393,10.159300378788547,1.6256640587782418
484,279.35098274576774,2.794966685783252,1.7453720427346018,0.26431929318681086,0.12448802966205028,25.472037350236263,10.326243725464067,1.419377107202092
485,141.95613852402352,2.8886148224882255,1.9624714946093698,0.16674076091080736,0.8322432236176545,26.67576764848776,5.923205806485264,1.2135097727774384
486,46.63392222333917,2.994800738406406,3.3716165174977517,0.12875606452853877,1.1019086340679571,44.022775323014685,7.10581322143005,1.6369425951381802
487,157.67054373926487,2.642157253685488,2.124897980728435,0.3268563949085386,1.9631013319300221,33.125899671725236,2.298626066091657,1.7337656057305766
488,95.40502663508056,2.590790791828326,2.4666174125857117,0.11576307637312196,1.1357774466663269,44.99362091764044,3.9175805184824664,4.139628394220092
489,491.73549331278036,2.6260636664399284,2.53741705106036,0.3384170503055753,5.190563177271773,63.59273236022449,8.816811133299648,2.951573268520118
490,376.4300683906507,3.04429972913952,0.5923554743202935,0.3598383820137326,1.3673099152401966,45.904681738761084,3.2621821481346744,4.656489195199325
491,249.0844489898903,2.7721333917415754,2.4981908844237126,0.17378302708345014,3.2899335178010776,45.49332593403253,9.462139421049356,5.980989394579811
492,462.0757296437037,3.2386420064756805,1.822300856453776,0.2783028816737725,0.34323281507418263,45.50520836502781,8.337692306224497,1.4737080360803205
493,261.30077604117866,2.7702749738268344,2.018905808118178,0.6741949637316157,1.5740558951097674,65.20102896447561,7.254871883139073,2.527527973807711
494,126.93519683995314,2.882594809104998,3.955660633986764,0.0363521567719536,0.8400392189114366,69.40054831228505,1.4819153310210806,1.5943768725049545
495,468.2568215544712,3.0862286065106237,1.2555217362386935,0.22449436638611184,3.3523611965112976,56.329005682602656,4.064040547789035,3.727102387936857
496,327.3692327864954,3.155826046849311,3.325233817265927,0.5983467250653779,1.1982610438750194,52.04887276097589,6.932626516532383,5.147889536428075
497,101.74671707146356,3.164137650120902,2.2330657001861414,0.34663607642548144,3.8818347087859935,53.44343922283942,2.0427557764939097,6.791680216944375
498,222.97924187382608,3.0361670482144136,2.232268462022115,0.4031675737816288,2.596262150605872,71.4192785337963,4.429768258350205,11.141623541695925
499,124.88331588459017,3.0085214924971617,3.302400526569661,0.5280499551515648,1.0727654959013,57.14379140130831,7.256392847382914,3.620562990514361
500,52.28165302911435,2.94379115600562,2.8520799250868403,0.4599431294093182,0.6279197895242876,72.83658364634817,3.295483316233113,5.4471030298248495
501,382.80553318799963,2.9716662750504383,3.082641627737481,0.3354609478388799,0.8855683016528764,43.71372722019386,2.460636526194056,5.779117470458913
502,523.5535618275974,2.7722342561761626,3.480213291050811,0.3901195855163728,1.296612994186597,29.966464704478323,-0.40232337636453774,5.691072454368656
503,50.02452878166375,2.7321822811120966,2.180720247334627,0.14652283416598802,2.5845109432271203,39.96410774051423,3.8400974068570743,2.1021485048667707
504,330.81324148240833,2.8544059450137995,1.8997918960101994,0.23358324898373145,1.61565137228001,41.558046038719525,7.319544538430412,6.066551028506939
505,157.08797930701263,2.8293844202467033,1.4268781039601517,0.5355852061194166,2.917953017820077,74.0679189160444,2.381288974020507,3.256688309954234
506,180.49502409703467,2.7869279062263512,1.6866181005389946,0.5458906890817872,4.085563986491917,61.0462061680402,5.05361631940312,4.344429500398216
507,165.426115979043,2.95937023074395,5.4611230558266755,0.29324689662939285,1.682028275247004,40.4381521352358,4.327372184617799,1.6055383895173594
508,126.54775886825813,2.998207894911019,3.7567082112547365,0.2606005376897788,0.6940563406521604,62.12616765399046,3.0001293320958577,1.090026900575035
509,257.17145151561306,2.8681731465692195,1.1609542643099284,0.14618807443405762,2.1484845123664518,48.05628333362027,7.513116798127664,1.7184320194083997
510,131.27743941690974,3.0765416257837317,1.1895706737743796,0.38358291962866264,5.569319305076832,74.51827538115448,9.926816843497686,2.8056165009468335
511,288.9408774928318,2.683658746505417,2.993894692236441,0.03720628790873445,3.032460854966211,44.99448132966432,8.01301383092511,1.0068163804591932
512,243.0342610326525,2.825863194733485,3.0592934278959167,0.15265935678690293,2.0316765745652297,26.916661143821173,2.912190792647856,7.010094952057412
513,216.02094162037744,2.747388765535022,3.0609124658353144,0.32909401726592674,0.778482269293596,47.19873400248975,10.977096991537834,1.0262826985500137
514,120.3104166530317,2.5749316210644837,2.257072836964252,0.30340905103521687,1.4058467748138401,45.00268501884056,8.004208730690197,1.8624892977509868
515,167.66244819687014,2.8425100107490375,2.3865743705150497,0.2662427753170681,0.36772750161018214,29.851600280775223,3.6279287931071282,1.1937345955858474
516,358.3579311028623,2.83664998736795,2.8399081546773073,0.23935286409338105,0.5929944307539189,58.78867635917461,2.674020853664259,3.5783005754296653
517,321.9306577427683,3.0819295751117624,2.59792163681128,0.06726024683917943,2.180599513991774,71.37078245475571,8.36311779153477,0.957006865576043
518,110.29131004391044,2.949533866308659,0.29272825777041467,0.5421148900980919,0.2858785986945516,33.16273514415701,5.52130760587182,3.1226135587400305
519,264.4448631823509,2.701284089976062,2.282228999942756,0.166930655302071,1.2454665728522583,64.5906558938326,2.447705453936817,1.5168687312889164
520,357.78475461820636,3.1330259985755706,1.6606221962576362,0.3125025751898585,0.532669295997368,40.90053759016793,4.555673061584351,3.3588094319985795
521,11.254840251346025,3.0380671679542455,2.6872400494264617,0.5754859263203815,0.6212021051007072,49.629221650650905,3.778409546355916,2.3538910706076313
522,328.00625958955027,2.942226769145735,5.49728763312136,0.42508896579516403,1.7054300464987449,48.053416634023115,2.5278226439358864,1.972222046554024
523,155.37290424480386,2.820939498797968,2.879510295992254,0.6034669008975112,0.8866297034371118,49.62933702396614,8.043758759784403,1.4063838594192763
524,331.9053741159066,2.7109962281169206,2.198498944345552,0.1644219334624456,0.4342921325126886,57.096240079925856,7.34517256494294,6.350326916431905
525,140.96721805431434,2.7990810972147844,3.433830132495202,0.2086997984846618,1.0413826795213112,34.63726039328398,7.5156244326777815,1.4672057246311077
526,0.0,3.0182244065810706,2.9947165177271624,0.48071818860732274,0.4188489593770134,69.39950163659343,7.474011179958539,3.052956685511737
527,17.2473935390895,3.1376000595156337,2.932123120969791,0.25076845023001687,3.721622200124035,57.553141350751446,2.2518987658772076,2.0303926437458353
528,257.1089417657159,3.086398642866271,3.1188792237336207,0.13701348082005577,2.6850043322424293,62.533741645095915,3.188938184609008,1.626586034035415
529,287.40428790760984,2.7815847003575014,4.568572195347491,0.6245064211462499,2.676658354628649,38.29901070612327,9.375972568812987,3.0965274072924927
530,120.7752212474702,2.6869694986320907,1.3811401951920341,0.19181205542314084,0.8140776265483267,33.27839208444129,5.324036367316995,1.1894528126365171
531,341.638502097588,2.876045050662123,2.985660707329404,0.2992083215716564,2.2325296333188986,67.74070147811605,0.5885879188870913,1.4080919415163506
532,12.383588097967902,2.589646208791015,1.5856475005364112,0.26848915928564887,1.895555182500435,32.633761312043006,5.6508329827872394,1.4617879883882683
533,240.76656587998988,2.90338727075316,3.067541276860198,0.3144923311622377,0.8692100802219374,52.23957861838162,6.964373785004399,1.5370100507452913
534,76.87200296847129,2.8327717256806424,1.5933421190318553,0.16635921230399522,1.5384391215137048,65.28493747531911,6.572124312110626,4.426204643166916
535,156.91712745869992,2.785006638345206,2.0946618169128652,0.03517978079936163,0.34905351901743203,48.09797046342711,2.186391190515083,8.710177234244577
536,257.0107032979801,2.6157066535354234,2.2169387162800436,0.3458810311827689,0.6436661647885676,67.55115594544446,10.66016467777266,1.7957333608169892
537,127.05985467484334,2.9319521296109,3.487845349862659,0.3484719423435887,1.5057617353886528,45.92662544309248,0.49821623867374143,2.5030350533216255
538,195.1776204422108,2.775006987676156,3.430483074460364,0.08214105244379034,1.0920362141321347,30.838730018284526,5.3326892904902365,4.320879014596676
539,394.2738171758749,2.6794245882688994,1.2663112540715653,0.21571526754008652,2.0932423482150098,55.61258811663226,10.209658558298248,7.739108059148415
540,167.64519337005692,2.4240727816331953,2.5669627415177985,0.08269297157896618,0.8896474356163824,52.9744405057168,6.774971251806334,1.5192499873813279
541,369.85278674619184,2.850784877867847,1.8024487757687773,0.4167176195864318,1.2274768333662147,90.31964365711116,7.508658707154066,2.9508998593019062
542,88.51121678296786,3.120749853125904,1.2535237198426152,0.08798265186203791,1.604419063673049,35.8233670083047,1.8405075524895942,1.9540323314341315
543,326.0657526204798,3.104100995807623,2.2950115800935795,0.3530655050389947,0.8263133190937865,46.222293420059735,6.041139372790612,2.979144125213428
544,456.58237754045035,2.7863476751375016,2.20354584206213,0.38241656334813184,1.210538591526186,39.037015697244186,4.8901920119151585,2.05933657146877
545,0.0,2.7645803045711754,4.938745116863473,0.2537913909739236,1.8857942224877011,47.86273127642306,1.6098674925069059,2.016192200887967
546,136.1523010628751,2.925228252036696,2.944988455878646,0.6066784600310963,4.4376464317978375,47.257963513904485,7.595214468424886,2.764324729915582
547,332.8320322819595,2.7051542977471987,1.1344111297637125,0.019293773873010477,0.8306707394023104,36.91550266909237,2.5415397840479925,1.328271834939291
548,221.16031084410315,2.9001808985983626,1.9472546263470076,0.4187109793560707,1.096385653218127,57.02356414545332,2.8972261034944187,4.553481202703742
549,303.3542435356165,2.969824155383146,3.533411925947348,0.3403779918999732,3.0118323982637873,46.78784191865804,6.2977379662545445,2.053717899391968
550,163.76685796663085,3.038952097208089,4.600471403387875,0.4848744923943458,3.5319789165279265,70.18224451825878,4.570263663064955,3.2904498210156685
551,262.62080604798945,2.8398890021534497,0.9260453182799915,0.6146509543014494,2.385929957523343,40.27164315067023,5.507864070968038,3.0808244368328834
552,227.9409340641327,2.8243610510988977,0.6321042453789047,0.28244542696617414,3.470973267580659,77.92059606977332,4.386501023690491,2.8291786652956925
553,417.3905688300828,2.7232147256119585,4.382993805889732,0.23873026417379783,0.789865513390663,54.138110095627226,9.239182530512126,2.5641095673933134
554,286.6453697802363,2.7308800605194636,2.9016428078888534,0.5366935287842728,3.249323396580561,69.07000159377648,2.2249080582841527,7.211440461115565
555,298.55262315856356,2.8209402798402134,1.6437358986415833,0.16882476789617254,2.7513482195932815,51.73180198434302,3.6055736593819616,1.448706470012656
556,191.26663246518913,2.910016939647869,3.046657716640385,0.421936365707615,0.6133037771140122,38.290184002160395,6.443514672737681,1.8081052184431716
557,180.42619310170608,2.99194980756043,0.12371910849892798,0.32649520209421795,1.2420416692463008,46.04718619761302,2.036246499076943,10.649445121801975
558,188.30617126644495,2.734435271023391,2.5154041371151106,0.5665498107719812,0.1686010323033727,29.198476837434715,1.903329852812372,1.6604522379209343
559,306.69047318844105,3.078815398969371,2.839849803361035,0.0714647231169887,1.7847598095052186,48.32699575709739,5.413231682009412,4.605808709379841
560,189.96291625951028,2.8142435734690574,3.4362987700557794,0.061517378481216155,3.20916503104749,52.58139314197745,7.6020601367566325,3.365224429759056
561,291.70620163055537,2.851707019473177,1.498132678225412,0.2076698374564722,1.0502400362975004,50.68584193528168,7.993633447382765,2.397040058316163
562,547.3137471338578,2.7428303617532688,2.597715791921309,0.27820649078075316,0.6822876941407701,69.95235837705296,5.275219627961846,1.7764062569288863
563,374.9248667928976,2.4912760745845013,1.5866040044583625,0.38762730112288585,0.6392330806636675,47.76299253405638,2.98360202450802,1.7352257924748526
564,203.55632036291138,2.9875189230796,2.767412386192267,0.13732166561977882,1.5861628364926625,21.590096107366755,5.826989592902774,1.4367450717194348
565,422.1762496410936,2.9654386981893075,1.6166823081549255,0.04255493968319861,2.3708698687999497,103.16097516439672,6.698414926137111,7.885900635529503
566,191.81082028124183,2.8127129800577104,2.1039277913577292,0.7027228461514909,4.499740861824586,39.64087187775015,5.785581977870821,4.254735439672666
567,0.0,2.8649607212091732,1.5162132357277207,0.20317663544645967,0.15040038442082004,64.53117663186868,8.702509576374126,3.2502325905505147
568,105.92087013834148,2.9323029962810576,3.163164872341607,0.46368862189199295,4.140107296185267,27.436299934327685,1.9575162042350978,3.4286709043340564
569,0.0,2.620530235092461,3.370479747174615,0.12020468764069948,1.8568530663785132,53.678182602025316,2.9090719470693123,1.719011996168307
570,199.90750238763462,2.7755542120234984,2.277408060560536,0.22828599728377968,3.1061391686183706,38.081812878929505,8.286047583196172,3.363563306488422
571,252.86225251367966,2.974051815568717,2.550266625477978,0.08954028761679939,2.640278662887387,7.660475626332101,0.5809405084542085,1.720032675207432
572,490.20319832729854,2.666768700150055,1.0634372158844057,0.6489173234820785,1.661414183948142,45.757850074361805,3.3818428187554987,3.938919084677357
573,297.02448438160775,2.8989458034504367,2.2123519825111626,0.18626639539481818,1.6139661220549082,49.249019626542534,2.805379115820916,1.7825586967872318
574,218.86206038798028,2.651424842931932,2.461824013476205,0.06984079086096595,2.1366113094004437,46.716711145157504,0.3073852959590946,2.836092879168545
575,368.9528867778838,2.9248766109904714,5.132821721547925,0.5452485679678547,1.3196325211411115,53.64670022425574,4.438553586077259,9.818895163655315
576,0.0,2.84956589128082,1.4000616047437862,0.20766620943513778,1.4047585849277608,45.95737869911224,7.238881579665361,2.095739915241758
577,283.95330069357243,2.6126423412396163,3.9762058692703874,0.5846635252330284,2.4534448865693754,51.0372472420482,5.468983746563308,2.136737005930426
578,360.5729879649106,3.029623016794018,3.5088874039837576,0.3427464554989851,0.828032091025752,52.551680024814445,7.398811355906233,3.225614302261371
579,38.570071352425,2.744723377105735,2.792665035008086,0.28745988068587547,3.308152636386725,49.47232866844348,8.57586790292892,2.4607631066853477
580,413.9510226874946,2.7333742480732854,4.270649114713083,0.42033422198834225,3.1239314527002513,47.43836251696883,3.843104717163442,3.525719900118661
581,298.68056040878395,2.884997493210084,2.8841341031248127,0.15739539363225663,1.1010415979611279,36.59519734556589,12.940538068966191,7.631371114367667
582,190.77836447519462,3.02720771603975,2.9011878261858786,0.1947627208764054,2.4706069869782694,58.91668406006171,3.9637537278085,2.1257034850603915
583,340.8067314025892,2.702538840778683,2.4589079775004046,0.3006972383626088,2.2534882410009502,45.75503979050209,4.362406922468926,1.947768033327336
584,575.2692795501328,2.864164091102638,3.735597512936577,0.41727790375865326,1.0086476172243917,44.542614116781515,2.8771383893936684,4.052480586002377
585,276.2593758370936,2.9192345886750286,3.6084978643288332,0.27909865689419444,2.599206562228806,57.684414657563885,6.6361684427740215,1.2495859527341873
586,285.75781968565633,2.958877954714914,1.8863513430217373,0.044377672256745285,4.34057502845824,53.17937040502345,4.128489743069075,2.549922120821815
587,184.46943525384506,2.8813783469170264,1.1927814359191824,0.3086928661865369,3.3847960332034255,39.52669518167631,4.763323334255012,8.349350724948634
588,128.5727779677947,2.799857937762944,2.3090479931222925,0.21988137682584608,0.42920813122812873,68.75987964407406,4.384360981322112,1.905933904394049
589,369.0860474649818,2.7307735805281346,1.7119900661203034,0.2779642391875149,2.3095285622731896,32.161640226314304,4.3162863583193785,2.1002908577072548
590,127.67961657847106,2.867833696082399,2.448504055902595,0.24802811702810665,3.023845105085091,34.52788184133884,5.4748580881957265,1.4915182394457156
591,260.4702252822983,2.6940912618276016,3.749466765202089,0.2439313657508924,0.9541990037834569,60.02530951765188,3.649329340890106,2.2932716460571005
592,181.85033378472434,2.4167095411012514,2.05472697543116,0.28669068665997793,3.308574146452408,76.26703396121665,3.7901132542487224,4.674513048183027
593,318.790383459478,2.920396084249093,2.4692052492063747,0.45677590314148764,0.8639831505438583,41.33896711655842,8.218554471862976,6.348105225358612
594,297.98854306484844,2.990502339788372,2.570051365326345,0.11575628162141428,1.3089277186129764,56.192320590997184,4.119432608355765,1.290992302129609
595,398.7467604198812,2.500472248294167,3.360459512723234,0.21332273652689307,0.8934590546684518,32.11454662597466,6.1506572111213735,5.907011956708834
596,177.21823692428796,2.7034525079189518,0.26513929653334456,0.10900919371050445,0.7710127217447612,36.06522025866042,2.331524778534659,3.761518913326044
597,211.59384081721203,2.9477852527762223,1.9053283357526531,0.20700143984835262,2.1341628775853563,66.98297287581022,3.6659299185413823,4.093579244310965
598,110.11832067656997,3.1635364340821974,2.7233123227974225,0.27856890114410343,0.47003321145889704,55.48644546135704,1.3023183125279583,2.380053023719587
599,186.62632727132052,2.8580311697767535,3.712107586944811,0.1169248202694525,1.3673149194244696,67.44844632711167,10.563300300085483,1.4010089795937959
600,304.2352607696738,2.745711672441072,2.0201261830117447,0.31549142985616624,2.1349411980932946,66.29463131654528,9.12637903300416,4.790373741460781
601,358.5865932974799,2.8274776474597165,0.6354759244760757,0.3162212044643837,0.9043301551067331,18.656754603239396,6.786376979836061,2.3059031305476423
602,118.2202280353626,3.0611435764976704,3.131740076484086,0.13422725697303833,3.697837546418515,32.060684899166176,11.453308160869486,1.936109860117354
603,374.70745704932153,2.758017486756762,1.8766662416923205,0.22304193248192541,1.4542822167093663,54.11713702366714,7.3108581541493765,6.073838381214503
604,444.28162036229975,2.7350333126279045,1.3223619714275885,0.043855712182668656,4.799685310146578,24.543650285891594,4.484072769053535,3.58940822477757
605,309.4078042896107,2.7825005852981377,1.8876832408047257,0.1366266134402893,0.41759050706862905,34.18542436093882,6.117559001275013,5.2965994132895275
606,518.8839781483184,2.7119128223866356,2.3275032728621,0.1935168773138802,2.1955268951284492,71.40451106615615,9.082359066437423,2.447883786829108
607,139.4598708153733,2.873312661024662,1.9072839659797372,0.1753686069103065,1.8909807605549578,41.87651185083672,2.3590514749760954,1.76589926886443
608,72.0567417620106,3.0986138823958767,0.3064625734188806,0.05910023636451087,1.1974557625904352,60.65447867931552,1.4815466382003155,7.539558905724188
609,0.0,2.903374004592847,3.409094827405082,0.10248072450369504,1.668984911610593,49.57747594771492,6.2182374998898124,0.9489517638654585
610,464.38042599921204,2.8170590883064994,3.786903671796672,0.22215603808345902,2.431936759227889,39.800956185580745,3.2394507993537873,5.407930340767045
611,343.8963928590572,2.8111404232881108,3.1635506218574556,0.5000285008772033,2.760509441680595,25.036860909492006,-1.7797041023754288,2.490421354703592
612,242.2689151558607,2.620433492320944,1.3743429600931332,0.4009126906691318,1.4917183318850937,53.49953159846566,1.2711999592682952,5.690502792011277
613,290.302466128221,2.9873785801975163,2.3105370965704317,0.2714066205793128,2.2158544275403944,71.81908308603295,4.065726951939364,1.848145738278578
614,89.11498454938231,2.8432365340735224,2.505507315288492,0.36171810344678385,0.8245035210031412,40.227087803513676,5.144566264243706,4.4555698631041984
615,600.328521465385,2.8278401265868487,3.11082302007986,0.525270632394125,2.797556980429389,51.0289753134329,5.233907298149895,5.5182874943066285
616,268.72337537975517,3.3338782488021717,3.1803691192360306,0.09372930398294126,4.186810348903415,27.203167949720118,11.015589020706336,1.4022674831442223
617,265.8852814131291,2.8997250498802956,1.777854831739454,0.5416592873103925,2.9463699683424864,39.917372131249294,4.377124229896719,3.7544989786887344
618,354.1172491055611,2.742143456111165,2.5940241869315104,0.37596276335834095,0.8950898505062814,55.11322489192341,5.834376468608315,5.71380891245518
619,319.08088746252116,2.790958474194611,2.969309035133191,0.4574049041565562,0.7120124002844094,61.155737305997185,0.12232391787651142,2.8993246834069426
620,282.2741063620607,3.0271789700049556,3.9678509526647163,0.10113053816123027,6.806350797716906,58.33923124937281,4.9065933850541725,7.770298136031265
621,137.07142129753765,2.871902675206107,3.216535170342673,0.1982753755768706,4.004177607910965,19.52673033879145,6.002596829515299,1.9401392516099818
622,317.7151369536237,2.6391704168778376,3.3010853178934685,0.4417852325659172,2.7674827390528223,43.14597741297885,0.8742215570564316,2.008243147562643
623,519.632450172039,2.992796453811723,2.595855258447311,0.2546060207547748,4.370579751206314,35.490783345580645,2.1980241210891305,2.303509712628809
624,442.8189679944057,2.7546905007945934,3.9224877757214536,0.23121024686283925,1.627901716373342,45.364575862744346,6.467505901510611,1.3789375733974305
625,478.28608684312485,3.1359067800580744,2.921791426477447,0.5268198911496275,2.7324346136079076,48.33212846768982,3.3610212070642653,3.1750872130325196
626,177.0465635684505,3.01691932348264,1.6509407203443793,0.23330830747946868,3.6717848869588705,65.99527836792856,4.692374685470077,5.095670900625554
627,108.5664457620451,2.78781382927663,3.9153986006431403,0.31115695134245586,1.3191241865046914,54.42855555040289,6.622332556876939,1.1417137129495498
628,232.21965221421436,3.0470645678857093,3.2099319030569773,0.524666091044456,2.3083241398146233,71.26747959330626,11.110616515387449,1.8139472597608177
629,258.20258227354486,2.865090440204553,2.0689846093894673,0.559748196328072,3.402225450972068,39.5073452835923,4.334644396764824,2.844960756793832
630,406.85628072585973,2.9828281648937756,2.0325356631187064,0.13000533513897383,0.6669995328879779,28.743851631172667,10.30759423663233,8.561965715597568
631,7.9539565908505665,2.927622036219614,2.8086041756587115,0.2266906582078569,1.216240166796842,71.82863961230697,-0.8763209838867807,3.5230289219281126
632,469.17672082051297,2.7279586153768114,2.9752134257855345,0.39422686523611117,3.3508878339033896,56.501828568509474,5.445088576045956,2.4464447120299524
633,227.60730590457683,2.758379638777823,2.709320896149156,0.5965756479476296,1.9290294380300266,38.85092348961655,3.997732378714307,6.265727674177872
634,189.1188354033833,3.009406236262617,2.8233373039608347,0.1326139166973097,1.744922361794215,56.56734317765431,3.402623047794808,1.7828906808312182
635,105.34569504689873,2.8046958138094613,4.21198600509433,0.40259383540597493,1.593109395380191,62.52889350799147,6.97420272667056,6.666060408272331
636,13.337434492034902,2.794364844139143,3.5835717827528355,0.23855608755377553,3.5877556781217756,51.78786219511388,4.35613800384434,5.0745834041098625
637,368.06036371425404,2.7116437267230395,2.702664221782974,0.5207941326840836,0.7349360301751501,39.06445357960193,-1.0748600046796515,1.4341592936798921
638,260.72098071057405,2.9184519734644616,3.4533392112854333,0.14495928591700527,1.150401320810874,43.38105792716487,0.23489225524825308,3.114668311726735
639,65.57128173664455,3.164290851511914,1.4795047269904102,0.5300851166238831,0.4659695086316455,54.35932246774702,7.166080875069332,3.0658778765538974
640,64.83867209428684,2.6947821764873017,2.909955680464759,0.3911389771858987,1.2869304567744362,52.983319330335306,0.0883162792278096,1.958755059368323
641,202.15903557272097,2.858545032126356,4.32133498025106,0.21296874618134354,1.859998113226907,68.1839008667812,7.246463543542335,6.473309319501896
642,489.14164838835563,3.066745196937757,2.293982735125576,0.06885748190542336,0.2432993193144664,45.86134681396954,5.3743204637334685,1.072461600538068
643,213.0659081667097,2.8429659049385854,1.664394701898865,0.3495093655024614,0.8357951421822496,35.543591024367245,4.489146404522597,2.026415221588059
644,35.05484481946564,2.9227678830629027,1.859939741924889,0.2538970213381382,1.9268715755146137,88.65581494355048,4.755577480405182,2.257903173152344
645,215.04825320197517,2.6955530844034103,1.4223955931755614,0.049966501551172604,2.2824634007128166,52.61732299231604,6.54427406054025,2.1986187217653335
646,211.18606646544248,2.91915817820659,1.7272667223902465,0.5390471040258038,5.027574294763548,62.513941368343055,1.4675420791806766,3.364737526820616
647,0.0,2.82684047387476,2.1415205319279207,0.2180087472010178,2.5281809357195812,57.827725580388204,5.126873281993177,5.6040096833570265
648,242.45354718168124,3.002771612977422,1.1064616113393078,0.5118208698936791,1.447241823675634,52.79861657841334,1.5814916177562033,2.0045028243395775
649,217.1680549523703,3.033020021360155,2.5276469644675528,0.36383550059999703,1.8231286090075294,46.58384403885248,5.490934328008604,2.0953597999854914
650,349.8857776128096,3.2433466599282346,3.414305804304597,0.5445112071782316,1.869873750000911,7.942764449631198,6.939430358595056,4.460194026719369
651,514.8987975345542,2.941857089607479,1.6042724503710293,0.021424560859513445,1.1519207057141088,34.05168138803269,5.497837588436945,3.6591340317307646
652,411.49046166610844,2.9037815611127673,4.031312554159719,0.30393615862501594,1.98775535388102,54.93678820125942,6.825806491791767,8.042223311560695
653,211.73501909592642,2.8840697588620428,3.0228207190455443,0.6520465348706161,1.1066154846815557,9.215401429896573,2.899955494720138,3.7151091238897846
654,91.82950677276071,2.801937169703839,3.542609216142007,0.14106139002088292,2.060620415352067,51.0742758906542,4.813459837038269,4.153847972217689
655,618.5952378157922,2.905684690144696,1.8541940766658127,0.2987765014304245,1.5918617046859989,59.918457662964855,4.286072560625312,2.6523417093126214
656,258.70267050177586,2.810601902104588,3.3665538575845657,0.09442851918802522,1.3974059362774967,62.49917925655149,4.0896818385890255,4.3374501381023345
657,252.21965175755528,2.8801812600658847,1.4200947301226368,0.6359035595895273,1.429004538249043,58.97232871197059,2.5980765066443348,3.289071151067528
658,246.77226986738134,3.0525517439666365,3.4022761313544585,0.21821606088093304,2.8245694172756393,64.3758792742567,3.7045323517251725,2.0975376657918265
659,278.58101125869825,2.7039307288334964,2.683867970311481,0.31548241620622397,2.6403716579683807,74.08417074862815,1.6618862149804965,2.3618308672863715
660,229.5609068714001,3.0258938977947993,3.0652798505027334,0.2607079261211888,1.3415345207672817,66.44176903113777,-0.08246398547374145,4.4411565895580205
661,168.107539510514,3.052479373726422,1.3364340248930981,0.4224273898295277,2.7498264473708707,52.952470983528954,2.8978500183777203,2.3084202522389647
662,171.94432618569738,2.837201834576781,1.616958788241345,0.17082926524558278,1.5682048289052568,47.98070217840871,6.877878946343492,1.7062194402861142
663,245.53716868839854,2.536633878774153,3.1092568487713343,0.2565863199801682,1.5867824424579267,51.71956811829037,5.702197973167039,2.6273860416326325
664,172.43591838945758,2.7637388155612777,1.563680626293749,0.2651574433650202,1.1527464596574153,45.86752772487922,1.2301903872582365,6.206863131091545
665,148.18375677778357,3.0494612956096088,2.975234922617073,0.06069065270309632,4.684985113939225,66.76371098368438,3.78196593985884,1.7453519279816612
666,265.4609116420622,2.85148190428061,1.144890824057704,0.03981419539660806,4.364101901609528,58.58150312451481,7.0773930240929825,2.891942895273485
667,213.72640901638624,2.705016778781206,3.360202843184618,0.3354249355384948,0.959888040361852,44.2838531832991,3.654525890638699,3.745764873280031
668,465.5182577221759,2.77919587544121,1.2795053157494407,0.04610898882254193,1.2795328009016143,69.86131675418143,0.7467014206132827,3.6133276562036074
669,0.0,2.9810051176011254,3.064328568197473,0.22876947246039814,2.17631177264203,45.621817189480836,11.772885639243029,7.1906903323000355
670,406.47197793829974,2.9369221488556496,3.1376595641639504,0.12774179627077423,2.4677363894015665,35.81342530890083,4.49912350804115,2.609317810763234
671,428.599451166926,2.8190722987499885,1.815256812088375,0.2880155464028137,0.6798697811890968,49.83886180023807,1.5092633000029503,1.5006245153377724
672,0.0,2.7998884518532394,3.0940551976026764,0.41482868396751027,0.7885353367987306,37.63799774492417,5.51379057746058,0.9611879809593368
673,201.1709047705511,2.7961483912688694,2.772470893851506,0.412519320532224,2.473209617376181,64.04308606305881,4.743190003061794,4.911836771107695
674,197.05495131823037,2.7165505859506673,1.9731867743252116,0.32382135747885105,0.42537887805521785,37.318517242925374,0.3755656852568965,1.4920978082915317
675,48.74420195836666,3.0972184670458587,1.5034739464417417,0.31353705931765424,0.9669475292662102,48.269455576837586,5.280106582409495,6.1324224182196385
676,138.88334668301565,2.8065640432437413,0.5494029388453707,0.4400307639755862,3.042055024561371,64.09561237918388,7.951206534186939,4.8457766709309205
677,91.24976923574226,3.037485891749267,2.8616786778176433,0.3212658186958191,2.946809407657855,39.31697062121985,4.301269377529267,1.8014369667452332
678,501.05850685942653,3.0831095214138102,0.9472258591558946,0.18063380661030148,4.516935841497649,56.16715299979465,-1.1805956416500987,3.750979993729889
679,384.16555365549283,3.0046587483476364,2.607372829959258,0.04570184569445863,5.527006802177521,35.39876962243321,6.025764831767911,2.5778337862541894
680,432.24539912788,2.7901690667177355,2.2485804144357004,0.48569234685371127,8.617720424985793,53.66574690795771,6.808700135744461,4.357590239222811
681,353.53112388745154,2.915471627175934,3.1911714059561453,0.6518362739185918,1.2499339928692037,58.50870273286283,3.2407637695162648,2.192401667896124
682,88.6049902135519,2.851282772666805,2.2099831310280855,0.19314955151795596,1.0225030984395274,49.36774202477798,3.262815195982326,1.4805732185782827
683,175.14204735617213,2.7193568345159234,2.1825808441708583,0.20605113739292036,2.236732128762467,50.50289431217479,11.773568900772943,6.148820208948167
684,320.27836185431835,2.903566005883683,3.2438993348062453,0.04119536324293344,0.47732745401938403,56.65978732340795,3.025357103473692,0.5839900211396147
685,75.28140604121188,2.678056144951472,2.847086659602067,0.2056788360416841,1.3770488760731345,45.79237123063296,1.6343571009972457,1.8542785480867234
686,352.289516553863,3.033064021894677,2.828184587700728,0.25109787232048447,1.8562306082912237,63.34330446619442,5.075342252078033,6.540950067160403
687,215.82377749168603,2.7852195190306834,2.981296220326476,0.13708514515114265,2.3585927874869745,70.56711571013136,6.724526977311197,1.0914081445269008
688,196.57112178578825,2.8850860620063683,0.976456507310844,0.1302740052424783,2.540902958751498,36.11323011104568,6.597301186130949,2.143808242965542
689,351.99771621187136,2.897405294357364,3.268817310504932,0.27226555093312327,1.3439136399665974,76.50589361686552,-2.404203262917086,1.411470478864715
690,313.8208079223826,2.816076367569831,3.124497424531552,0.24611140006925436,0.5514817236188443,45.447683607523466,3.0178054823330833,1.2258993843155674
691,198.5543764438699,2.9429161838467337,1.4953455019414525,0.1412021092298885,0.6713737249334969,79.91517424579774,8.458664135386218,1.2996865201408223
692,416.18065081401073,2.7836765651320636,2.2679481568437483,0.4861145992171175,0.20867618776335,45.65124371204206,5.980068396025118,1.5081010753420927
693,95.47440670149507,2.985606708244029,2.4727213428903188,0.014780399990921697,1.0534794726471906,60.61067862712956,1.2926257654807225,3.9823816697907453
694,338.3952347645537,2.65301516158843,2.377531846116217,0.4539745004458399,0.4661703210038287,60.53015917294111,8.727227923688615,1.301618532595458
695,335.1265591934688,2.8738690505574045,2.8458885970864847,0.14232334105250088,1.1149993580971054,44.19032692664971,7.8946931573185335,1.305880807469772
696,205.9149718379664,3.145751463484185,3.9433954123491333,0.24148516808347148,2.2207094774265252,51.08941082269104,4.110195175931384,6.84486899879552
697,296.9107751001343,2.704862414934606,3.5937953581907784,0.33406224991965594,0.5641227616637312,71.59850834535217,7.63840156043341,1.4850872888248419
698,71.13217147294085,2.753250368046715,1.1998094370865435,0.2810880917112684,1.7796290963003436,45.16726325356991,10.99926749587406,6.194257972036976
699,382.497690848924,2.93199829107428,3.1340986208239983,0.2061293731635253,1.3325003529464827,43.73680900618118,1.8368594142637518,1.3535074501739213
700,223.75746817100008,2.8818493809163823,3.8409619500533596,0.18514483032691872,2.137719537878999,32.69799198220827,6.666338546608788,1.3975241156683516
701,175.3993182474751,2.9075066285164763,2.8988371512071525,0.24593288911295919,2.507303753147955,73.51328330157396,10.957834328264022,2.7540576720601844
702,400.38855719520154,2.928290183147592,3.6030090557039167,0.4382524363063503,1.2674155310438637,42.788351577430944,6.959088659886588,2.2393178919755536
703,149.40080837370158,2.950120333909708,4.524299076218715,0.3490695177338801,1.6695493388546698,67.99970326921917,2.736851421907091,1.674604314567955
704,48.60826903972003,3.021367089918876,3.535738176624931,0.11797091530700014,1.336651852954843,40.97967774393537,5.716739721324163,4.480209574210494
705,27.398436387818805,2.916384912164719,2.7613372261596787,0.5547513375151625,1.1433409010169195,67.5287692279312,9.109649779857087,2.327930512463184
706,336.97440389188483,2.818723465432661,3.5571171046027033,0.07677377226121533,0.9259306817871442,62.099646750841245,1.9527005992275175,0.4339426901140296
707,66.93569705965348,2.955798168805852,2.656916463614841,0.4839746396768906,2.34629819222562,46.573521184004626,4.909709878128401,8.178089303557016
708,501.41977323886283,3.1398944038597247,2.535931673802905,0.36769343785541203,3.9957987334748024,38.985860430658704,4.269551534654803,2.607864806138253
709,0.0,2.8350170516680566,2.160614394804217,0.08133912099374865,3.6817910058840218,40.20454136812918,3.105765089737609,2.3764329550884757
710,493.0688722915851,2.708732717924846,4.0754419893500575,0.45553429315943345,0.5138463203744136,40.013001948473445,5.724664605429187,4.228374444147503
711,280.4322933616379,3.0209742140184885,1.6935999645759483,0.3740042746314323,3.9465072718194083,65.9777477018546,4.697848237832069,6.55685429242318
712,236.38148957676668,2.8368549390324027,4.044396355196065,0.34039059318099796,0.749139376599801,52.40345546920109,6.930050538709254,5.244769290433293
713,172.2220111242176,2.529011681723337,3.011892754258321,0.1467751624799286,1.856763488635936,33.27316351236945,8.422908482769294,6.574038314571232
714,307.3609711642097,2.9820253651980058,1.1127224557160083,0.26731000106425495,2.1053747987361597,46.2179988349838,1.1815087386381622,2.4213770343472816
715,244.83840481166928,2.774612885732354,2.8796779235093712,0.16045474274024674,0.390860109873349,48.034698470895755,5.20259319194147,2.6967030479811727
716,408.1604047364269,2.8413321212798186,0.41200212286632576,0.30505491860505535,1.4512116121717595,17.915166595793927,4.840621583736629,2.5345775762008445
717,266.57709145824583,2.9047091632107946,3.1375366473489854,0.10389755243693713,4.111514049421537,47.052306283607464,5.6102440201687465,1.8866279216166617
718,271.7410035707368,2.8834870655923024,3.397260113506941,0.5856177790771253,0.12991041272762274,60.847894640431,4.953587465698864,8.041813018093109
719,198.17560202732327,2.9613298861962982,1.9196726748658963,0.28277292831949336,7.145432784164426,47.935581766138384,2.0580112633098966,3.4936557962736483
720,242.0740984255853,2.789589158039966,2.635576326473532,0.21349160042160203,0.1970542380524824,53.81610318119978,9.364248606111765,5.330711622401321
721,294.2867055426445,2.931877983351855,4.466186064268236,0.3559589768372399,2.066848654301436,57.26769696159158,10.642283438607945,1.8366210619661154
722,5.419710595692749,2.815980111987855,2.006281926256013,0.5734595733853664,0.41117377552698753,44.860966388433916,6.640669110355053,8.04789479859301
723,57.236598138155216,2.965733685758568,1.4531210434613493,0.1639735907199302,2.309460595027449,60.96131991740589,6.794305339283466,1.764020690708592
724,356.6219648393267,2.9472172362274005,3.9936920329805483,0.41380820189462775,3.5730947022351875,71.8622644674755,5.39314749188352,2.830503233956362
725,274.68463851478765,2.714596308318753,4.474615821048745,0.2933154218576188,2.9379738641621413,27.142120438288927,7.907609665337007,1.9358493876501877
726,223.8889919299248,3.017809431051697,2.515724302365797,0.24207956740808184,3.274665212885237,44.8272537139019,-2.329435915692195,4.235554729460204
727,252.8644790091253,2.774517596858335,3.523491665926306,0.027126752195815736,1.3414185746855338,84.9442622518057,4.988413163624416,1.1567963812948987
728,299.98109633499325,2.976120783367614,3.853504546048831,0.3306799193500325,4.092384289721666,52.55848074811999,3.282118991913465,3.2549412055881204
729,172.9605662721798,2.9100052106356435,1.7695443979795658,0.40271808547001314,6.111622610976655,49.47722074263493,5.437454294063867,3.38027496366633
730,138.81348538442134,3.130639665144711,2.0267227951500812,0.49027942323195844,1.7873547783890773,46.12936354666903,8.277882695519324,1.5946879179112605
731,278.26043205220833,2.8213922162696647,3.7429031436726845,0.4097408355054224,1.2221692220302476,69.11652716409229,5.0571025286482305,1.5930304519961611
732,110.17428242255744,2.8025145942077128,4.197042909226459,0.23165967049274275,0.8487582253307265,35.91510205656248,3.9185229839879865,0.8609639763997539
733,308.66599382735194,2.8519991727422824,3.0749094906923045,0.13816533619505017,2.807506091876652,63.89261790027706,0.7901869107786581,9.272317444081857
734,6.5054526346936825,2.8094351462003013,1.6322142770158954,0.031426297406720205,3.3818899062411045,45.8487345383262,4.6721704633448295,4.017021534918937
735,397.54656945849706,2.97490339891675,4.499089742217391,0.42131836858830984,1.22260920806011,38.75235615937722,7.016833090732039,2.5938738531178442
736,317.87676819669866,2.612465522359954,1.9810577327059853,0.33242093563212066,4.696393737711864,46.5334602399627,2.4767356189640948,4.7254460545604635
737,286.8756781965254,2.6968597507534895,2.1768908493464982,0.26139806288100587,2.645186402042605,49.30429271146891,-1.0100195710283248,3.120856014793565
738,390.8952794399821,2.6947416753885634,2.8543664650075713,0.13597794871736024,1.7719802870064394,42.53384561865748,11.822720453634085,1.71469903575661
739,488.6338933190289,2.997458252421479,4.066189051232724,0.05855693160632409,2.1162659240544364,66.69158776722583,6.005526452302089,1.178652981582534
740,395.43005459498477,3.1115041195127313,3.3660046070701735,0.6014318584295841,0.6889732292211719,38.86873857615835,4.335279234227125,2.426174900800818
741,0.0,2.839244730844822,2.92689413087986,0.542582950337692,2.7852100603577563,52.10112271939741,9.172984415613117,2.609635822858774
742,67.05771378610785,2.829588855146941,2.975317160636056,0.6298113016787912,0.7320663475102939,58.06148887082045,5.424438024451411,2.351849173251119
743,160.78461414480546,2.86541993809242,2.5555432991614158,0.5844102972718348,1.0968789212363104,51.945845730250596,8.9960954348937,2.5696929273299207
744,253.96057471059132,3.029193859016671,3.070168145036456,0.2623930633446406,1.5743661138255327,61.58344900224937,8.739083647631668,3.553000389212071
745,324.3272060346684,2.7158091434968563,0.017531447176353243,0.13723390477446187,5.488970492193283,43.49653950854676,1.176437378344608,6.51653587911116
746,146.33743844492778,2.8906674610356604,2.2154211714481513,0.21205340635920894,1.9934406212244735,59.339405597184815,6.379983849239166,2.1539652581769557
747,276.960870565028,3.001191758092807,2.753350565434731,0.14378316666901567,0.7998164163089554,59.78342300175042,10.175856970908034,1.5516365926813078
748,142.09467833911606,2.9300762391164192,1.3610145468984427,0.16497031625303862,2.1220663578463426,64.52180115860928,2.004047928956579,1.8894937390845972
749,162.68858422937024,2.883349356115254,2.89835194832951,0.35072344799765787,2.534143248740652,21.715130776085147,2.0408762238429725,2.4916814700826837
750,48.86596275304103,3.0050690275105136,2.307557409531828,0.1236767140023194,3.76591665275825,57.635692080111006,2.548396791493957,9.862023257796238
751,118.06735788614915,2.449427269675557,4.267504328833439,0.3001301290644164,1.6355091359015579,63.51904654342422,7.671255756470622,1.5423196724927293
752,56.735699440671425,2.9565934115550787,4.085048355732806,0.08817666749276759,0.9100323744220514,43.828120538142684,5.853157138590782,1.8490938340541574
753,110.53208264410975,2.7568007611563288,2.046223061399787,0.2813573235923288,6.457000630969972,41.782678636351676,-0.8073169925188761,3.060975476349273
754,401.05169722719114,2.580317179096974,2.3611909189512543,0.2627604540410931,2.125459646624882,39.479335921663164,6.0228383705508,2.286592461198105
755,114.32181658543865,2.9315925035541897,2.4380810649095572,0.5717220352780182,0.8042936334565737,34.519915155014395,4.244255201386527,4.054703212193269
756,627.0441156360065,3.0609608953998864,2.060369154358327,0.09787928660380361,1.6243937571934077,59.98640081011703,4.663172394049494,0.931547666908805
757,320.8428403076245,2.8342948364312885,2.7070536145460764,0.18090841061389792,1.097346293101009,84.22854374771256,2.4889397106766546,7.766664771356382
758,276.6845045355871,2.9978432957058834,1.7537465616303596,0.19189297244548909,3.920541364075741,41.65969966762796,6.044774664542399,2.1280178969290464
759,127.35410614733794,3.0967538523237392,1.3814132955804235,0.4378854504808222,2.516974506189626,43.00177330692513,8.151374840920877,9.00644048540033
760,350.4731846778548,3.0521492816630498,3.1347398544182186,0.27657048229760856,1.2945403935031603,50.230948053168426,3.07410089800256,0.8289635286078596
761,167.82470628966405,3.1009067930311516,3.1415582147397605,0.3600801505110385,3.3832757100036357,25.970374814454807,-0.04736809281075427,6.311608378132192
762,267.6910875641423,2.9662312372862263,1.7077128708579574,0.29820374710933634,1.5243148283807615,39.5667749826219,4.090657035449855,2.295886208466093
763,616.6949193793382,2.8662271594606814,3.4073840612805495,0.11032125402614003,1.5955966325994855,49.145514796051,7.2688601858066875,7.871910268829176
764,236.47499513656084,2.6146172418408673,1.8804509013526185,0.1518890752929192,0.8882282544985164,36.59107515498626,3.736908962412515,4.165934224297129
765,414.7410931987432,2.8180027404059502,2.765193868555931,0.390328238498523,0.882042541290608,67.96162064824502,0.5073531165195169,1.016553831378509
766,149.56789927509453,2.7284251243280138,3.3323726431304057,0.33110688613123673,6.178130225878742,30.592739523981606,7.289728546758141,5.354013915479172
767,245.217202923835,3.1805535212501144,2.478416065814237,0.2008776114080248,3.2746151751778547,63.51507986303173,9.246044440994938,8.181088306849642
768,503.71105397931524,2.828529241760592,2.966769542659084,0.04897961730116127,0.25115512742295104,72.027534078281,5.060046650332772,5.824870569548611
769,160.47706500471872,2.8733928346431155,1.995598986630378,0.12330677773666152,0.7159504716635888,55.7258711727024,0.18262742005520582,1.3764429569200738
770,509.6728419222519,2.937634920031513,2.315562047089853,0.3349205797884951,0.58438192230571,47.93824164566034,4.046508373941368,3.4649909121548323
771,351.5384949620886,2.8614524805813106,2.3061691996376092,0.1397202806821597,1.7452064013694855,53.69422719458748,5.454616642475813,1.7716542119334335
772,169.71010668136446,3.1091697696900553,1.7654502839777109,0.5791007161606667,1.1863479853824326,43.39154699090159,2.570860078244822,2.9081639969353246
773,340.75317612266394,2.7615147093652745,2.3352544674021676,0.7419448036885942,4.454837109879846,19.4589770228631,6.7501166938142445,3.885806396209771
774,389.44426184634403,2.8841032319110287,0.9634103316542031,0.229838746712316,1.2795693678820028,35.311215004934496,2.2776166553006023,1.8765375931295691
775,339.2361329043164,2.7435415257707354,2.020874883375845,0.4154026027994106,5.768207310886141,49.83231326783177,5.076883017206075,8.021019924886714
776,25.45227053343669,2.6569087369423365,2.227153137148279,0.3325062048861093,1.560826146521691,35.88969672544228,4.315033746984912,2.0181025291113057
777,146.13798233034848,2.76314674998965,2.2558488780225696,0.426517797894386,6.598725527744679,43.803156713460304,6.8475643944502576,4.028275945367848
778,214.79408492766512,2.8493565940681806,2.270531184647171,0.6609010846342681,1.4188576155136385,57.18768739117241,4.957192467216327,2.7156288963507897
779,239.570766174049,2.7905167799478536,2.4502644306578207,0.2930990674380786,1.4411144881133908,52.175362587087406,4.410524899762219,1.6782809331006914
780,339.07325064117066,2.751048966644364,2.9914701486040136,0.013338125594690553,3.224904814772035,65.87712158178445,2.591404279298214,2.118944722932988
781,275.66313092461905,2.6439644940746674,3.386545704650472,0.33712256543589203,2.906999992915793,54.41251307002403,5.104307043779805,2.7414474426994935
782,59.0747617868025,2.8424462777311383,1.8622634036696826,0.5170278545537692,0.49260728627392336,55.29456124584301,4.219377495923175,1.9891920165338082
783,304.65000976024834,2.6292040575207922,1.3088277751288053,0.057227944692269175,1.7773073929947611,39.31566071290581,2.3884092313159773,4.9275272300951585
784,337.6294164731438,2.9689205081788828,1.4699842182748468,0.6068938944826024,1.1773402244525428,30.03340851887906,5.478473073255301,5.608996751324494
785,330.35820643083343,2.867278076565618,2.0248257093230224,0.6435601389477845,1.1115688838254092,43.806167824842035,6.091914020168295,2.5061288706879616
786,404.93656183040184,2.6362793887057028,2.1601073127014407,0.44023672812312487,1.7708139624746149,39.09222676020697,3.9847783338295533,2.3607587281590896
787,369.59942209361094,2.8085307520679628,1.7420325643204926,0.07909472550479474,1.3216503688657124,47.49848553688272,7.79470769319127,1.0898584047828166
788,315.95610305913567,2.742088652786855,1.2159119662680553,0.26411880581258146,1.9142757744655414,34.0094245567191,5.791922928308475,4.592285176173024
789,240.18167846296362,2.9027882901883197,2.0559078030437616,0.1450596760975019,0.6863536945713895,62.63733105852709,1.1484383394240831,1.3546974123350224
790,12.463625873419687,3.0559796805289143,2.693455250631921,0.34464245759930123,0.38187566413478136,39.03687610229734,9.012181984741046,1.4103340262951851
791,311.72440238603104,2.573636243178581,3.1070580963535144,0.12057825936537216,3.310890196978809,44.543464679402746,7.30096379414011,3.6683441314075527
792,279.95564431490044,2.872166025497555,1.9546055774096285,0.5177780423520806,3.667160379136274,49.69711845539351,8.005493633784592,10.433581180886643
793,289.1014904057863,2.8308921942904464,2.0990308083745157,0.2290506178869762,3.1700917284824977,66.84765419902524,6.201508870588311,2.362560874151276
794,67.46259032979148,2.9556131250930124,1.585330321670639,0.21150460958675008,1.711384968984787,76.38039255432295,-2.013181421581063,1.523493374639374
795,95.47537826970213,2.886891607861096,2.4805894601431735,0.19627872082327022,1.2411177372922013,77.41162911670693,8.27785577377048,5.9305857019466215
796,400.9817063139351,2.7421167138646196,1.663599996327135,0.18236175387586814,0.9890359040285664,30.773065694728874,5.1823630499599505,3.049960376714758
797,244.5634973603015,2.80705402327545,3.08515644375915,0.2522517475269617,0.8366728486017466,44.40289285692505,6.059657545492385,3.444768940424332
798,347.78070091581264,2.7355082351049194,0.7261621385838386,0.04065240918944571,1.5621677506305396,41.54920324321546,6.6211521433209946,3.3468013982529143
799,254.27941041858637,3.016313184415232,2.152398958065487,0.3578187963663263,3.6058727926009677,55.55463691588413,10.80883133793369,9.862370834384457
800,254.48522237293938,2.858108860926234,2.813135969709692,0.15550326169247852,0.9187494342650706,54.6392390482039,3.361328946601682,2.576918552157878
801,384.5385114864441,3.1400907164883938,2.695863146840454,0.4235698184514463,3.610104932931834,41.25497227451005,3.4387910292816475,4.514148219506197
802,176.35529780818325,2.8458129915532493,5.205062294498447,0.44685219369483503,0.40368727943519056,40.07095386854937,2.446896434871298,3.280683026962879
803,263.98514152676745,2.7486510985888732,2.861828655085857,0.4449458737235301,1.9890275318489026,35.03849391872379,1.7901723458146481,3.302514474764288
804,184.0522482923217,2.6278549547335186,1.5079740336759395,0.3495493880605239,2.3022481684991707,10.187564814352157,1.8454062992459148,1.7495142245491087
805,188.0287461143418,2.584441162187051,2.416564383428877,0.3159843982220047,1.080512117124945,30.527531997008957,-0.5552942388112552,1.4437488087365924
806,205.9685541433284,2.617291722174619,0.735782297051498,0.49764687439639277,0.645111547907055,63.001619977769195,6.279967431777427,3.500358751336342
807,282.02356240867937,2.894981111277165,2.431428881221189,0.35301906041150677,3.0150179586749144,71.97056725611868,10.963419694286255,2.6500016791513694
808,181.69413503617142,2.9312208671099325,1.678972573517191,0.348523207774895,1.721341267435668,70.21786380893735,11.15472296546066,2.3079112479926045
809,429.98381919634323,2.6177335083206223,3.4274189060781115,0.39836736091044056,7.913803733873288,63.63850913274455,2.4428956278739977,3.917558125245123
810,122.16508467467747,2.9891678607368597,1.9624883559224149,0.5924717736409679,3.643387329499155,34.820870802276126,4.183536867082285,10.851106289478981
811,223.47553844430198,2.7824529558729267,2.395262714722703,0.6535663036221161,3.6631475629345855,32.28166328587427,8.70002654135239,3.053998087747081
812,187.27939417487454,2.8769310654232747,1.8764707891135464,0.06796828775507222,0.09242002161228453,22.834652856770127,6.29704089262335,5.110278012261073
813,457.3566990732779,3.0967452078637563,4.250879982371281,0.44717098881103223,0.9347980980114975,41.25204263174419,5.403547014783847,3.865521903770536
814,278.3619981321173,2.989438011005272,2.190785864400038,0.11589173380314252,0.5745048442711729,51.306593289589564,4.229796263472295,1.2790551082861046
815,397.9314785600054,2.8146325164395676,4.344585673997152,0.28143334907335055,0.1943463531683966,34.883235921234736,8.534904334829633,3.8677168084609774
816,37.571743814420785,2.7212332798131493,3.3261803926362163,0.11956740938013885,1.6176787648545075,56.46632110455653,1.7808471238806018,1.3202402162047173
817,288.4532376142913,2.532139803426047,2.994095357853336,0.19888562321116215,2.9628949884026783,59.77786654273402,6.442625196337899,2.1588957387230705
818,377.5739640597957,2.7470391157390797,2.8807617778354695,0.07044139226118197,0.7066525104371038,42.882643328774414,6.034801527567836,1.2360511292123355
819,262.0044426300099,2.823242577801288,2.905825928734201,0.4551597928900048,0.20976525293221412,29.89973408114672,5.13011587005005,1.538926025000529
820,402.7463578562862,2.706835184552765,0.5843560511723398,0.379625712051158,0.762363866426846,70.71389845701947,7.363188972300758,6.547604135441871
821,176.1772623695345,2.835223568561597,2.2331452363671933,0.6618131445009781,1.4688218141819906,50.527133369313084,5.101211884798404,2.475216071708151
822,451.9700023160617,2.8664398960692576,3.3571866017022716,0.44064618606645983,1.3844270140860802,79.11809012398882,3.396417230187657,2.4510868938081063
823,579.3067874047406,2.8211837163542306,2.4631314470438443,0.06948792611562547,1.6803182263074805,51.385687240881026,5.277533926946427,1.2215416835212518
824,198.2863481956294,2.7574117265019233,1.1068387837143747,0.5095985612755747,2.267755680840007,52.433193758693356,0.22368899108651874,5.310760993205119
825,186.45322476880776,2.880210314420452,2.45962417994048,0.1493362462553793,1.648692311706594,35.532547700155966,6.8381441935897005,1.7999363477290597
826,458.2737855767553,2.921203211060854,4.216134146773441,0.314720980619649,3.078509312858096,43.6468499991383,7.604687760498723,3.2048904293469946
827,476.3372105600206,2.6913522520090156,3.758920346052669,0.10387418789996018,0.7190417864217636,26.617958458731234,3.0301564056615304,2.540437112764446
828,175.37970611669556,3.066551970587383,2.450024621151918,0.5929483893002673,1.338476941784925,29.845634550728327,2.3164663351451793,4.560628310862269
829,190.07709967383312,2.840123893782803,3.4634779075760362,0.14932316516690733,2.541753444608947,61.11747570989808,3.1407450299867574,1.8345064313767163
830,209.88900311460822,2.8577395570671698,2.145521610149898,0.17296957661999926,2.056678171124981,45.761249253245246,4.810931067860329,3.825536781028839
831,57.77124060123893,2.961144277113926,0.8081570436912309,0.5397535652724146,5.32847793478541,43.66012957074317,5.647657874106792,3.888854516168076
832,118.72315859189524,2.8898945333149677,1.5875626423883955,0.20638116668271503,0.7474081031055168,38.8936102896931,9.846475831670242,1.4978934828828194
833,106.48566416165673,2.997882608712429,4.074917399026147,0.5549298642100525,2.574539555402661,44.21714443334582,9.467273048333464,2.452216638696669
834,140.3175570890461,2.897980738405716,2.2380355486886456,0.26469616515204925,0.9784227870274286,66.99595162410759,7.4946279952176,1.1782413450169833
835,245.2606628915617,2.763046507429377,2.2686446511429317,0.20752197434122818,0.8871799308965874,52.163326353090035,5.363781987047553,1.5999595759517193
836,283.7529194321685,2.9091376424063577,2.212190434243069,0.053680119741308374,3.495391229864798,32.2997767985857,2.219227741701176,3.1948211581865813
837,472.17568172466633,2.6833531825273433,4.4161652200909565,0.44520273384232933,1.6343592474968143,65.4557704083349,10.038911700263785,1.497060572342243
838,107.3140184088542,2.871196069491921,4.137987545880013,0.6184913264668911,2.0308890665169703,75.87557884697024,4.257073607953074,2.3005322009621656
839,391.1288120372834,2.8499276150287733,4.730808863966084,0.3079636847431777,1.0443392994589127,57.420570020753345,5.844122401805755,1.7884184017065334
840,219.59378427213193,2.8236945850345614,2.3529834201178983,0.6201983383691245,1.096591762955471,63.36935317683241,6.882057165633098,2.240276120723864
841,243.14511427836635,2.835631486909603,2.8076531192650447,0.15909065280331444,0.37379008587220924,68.31174376053397,5.184787566118032,1.7786587087603354
842,346.82430438068945,2.5726347568007966,0.9953860810971586,0.3646050375441866,1.9129809805926505,25.150926222734114,8.453292036346465,2.3007044530390313
843,89.51107683288183,2.772603377464298,3.988963056636224,0.1976561346945491,0.65508809098109,77.96405551828508,6.366175832307557,3.838694002068673
844,304.96663659914145,2.8688388487966097,1.3442490792500148,0.5660612912767989,1.4903336411429342,66.48221106015802,7.965915566417786,4.725404200816781
845,274.05289653573647,2.8788905724250524,2.728804194280579,0.2127014778705359,3.0762007672831184,57.33282051369392,6.342036677919012,2.4755067031071136
846,320.7187835728378,2.700760842486549,1.4147261028851057,0.3177348235421192,0.26753262340186557,48.11809191271744,4.886301013344305,3.2120475938995816
847,291.6194238735548,3.044768289755148,1.9231618037792537,0.45414648296824117,9.285047964009935,29.94136376121732,5.222556834566497,5.773600927561163
848,601.6953149016679,2.7249858863932674,1.6747661994682495,0.545266438474012,0.8711312392049194,45.02898344455605,4.813278565027995,4.308244837822487
849,158.9349495891362,3.000330693704453,1.904153369842132,0.6096707303826775,1.5242788270987508,56.72595524794422,1.1471425447116506,2.156296829634254
850,174.2149268050398,2.918991267906195,1.9729059273689713,0.0540647978366633,2.029044633832771,33.43462431440578,1.9975416170491487,1.1648352905421704
851,161.02482266583928,2.757978017148872,1.9637598355928727,0.45879491919932563,0.8454529561593315,48.953790989288976,7.221642607471045,1.5669750456672928
852,170.71065722216906,3.121208747516869,3.3453625422982567,0.2797013575382582,1.1298016353414149,32.24687943783614,1.2218861751021106,3.9145735111348556
853,158.98546011066531,2.6758665888619704,1.4071658374554297,0.3072771084580013,3.573569344888703,44.23063735903729,3.7873301288744408,5.766502650300622
854,420.4302259546239,2.9927852396669428,2.7325700575318166,0.32623161549080326,2.847470089304685,29.710589506139215,1.8496892915999963,2.483403421042717
855,453.56706931191275,3.0049994613318893,3.729987782823508,0.10722526643173298,1.3613399412682825,28.133358683041983,3.6268431558835452,1.2979363196439
856,168.52491599419977,2.7543190822639456,1.9988322660045537,0.3770639818680073,1.6643068637616987,55.10134117195856,4.534192087688721,4.373039450401711
857,131.07625207567642,3.0637819086350917,1.7941097397703478,0.16405303958143092,1.853993130144874,41.303636623993256,3.7812987249005716,4.490207003448144
858,317.7075786684934,2.8174051364355996,2.281504005337699,0.09330735258658554,2.4948147043460054,42.7131410538728,0.7149067182497815,5.206736989452662
859,171.17646927906765,2.898216158017421,3.69175383887866,0.42918851852003115,2.6233364227822538,40.4983454784368,4.443408492960607,4.140434315605415
860,340.8281965774092,2.8939603894411254,2.7061362614713076,0.4391404412077546,2.5744432755191964,90.84676981439648,2.12331151565631,6.182354946148195
861,279.273595161923,2.8347658024048603,1.9808143359103512,0.4907174735759635,1.1913846613690995,59.11050628558681,3.090328370821696,1.3311358708181031
862,33.25102242693353,2.9765333545994097,2.9959052817059897,0.23375009773159186,1.8096082867460193,60.7211530875156,7.221560459899985,1.260208494778945
863,471.7469138139884,2.9739354217082745,1.4097364806815265,0.5873590601705874,3.3160419210805396,38.36876695540158,7.866178989372073,2.666737313149812
864,507.300764368138,2.5926323176397155,3.1933881409608977,0.27353861055878254,6.446221621452101,57.571260328569956,1.0670874928313294,3.8014461390368397
865,162.50666010687752,3.0505631500571653,2.9206359382197173,0.5338089235523403,1.7716230174759928,46.584184953828704,9.70599769123444,2.4691677646401344
866,194.72727676497993,2.6055383154200915,2.204220159379066,0.4977652419867526,1.0618524427389262,38.248253886494076,3.469740269843065,2.1321939780945893
867,291.1465720749114,3.009794044276691,1.6734428320707186,0.19639232316728122,0.8313103274697556,78.93637101827855,3.196969638104324,1.472782606898394
868,298.10230003986004,3.02391788414958,1.6253477082344925,0.20698281621196843,2.5886464662171376,58.59187043314438,2.325035637977657,2.5829569329148176
869,344.4945505335561,2.6912671490931626,3.04684596686386,0.3092807852183382,0.3552606944474044,57.835079457082784,5.16773622495961,7.646865713539773
870,537.9810780825969,2.7932899704322547,3.7410091330070117,0.6464823574417933,2.607172239447941,35.423995688424164,10.944650750146806,2.9458362979956263
871,224.89619196728916,2.689056413352552,1.874720883489155,0.2201679526464557,2.639660328973902,30.9468613491958,0.38102174314133563,1.5368545264381088
872,135.95161010285406,2.8226739590821324,2.970415334069434,0.3283080109753143,1.0944327696530607,49.136727946427605,-1.1706587902647243,3.1954222204518405
873,52.779877654618076,2.8087069709975814,0.42500161191588104,0.33252998755671026,1.9959166670409605,41.397289692193574,5.805531577241267,2.805822002201577
874,145.5950440448321,2.9718611934658434,1.9274108998607502,0.21432489810933478,1.3976389377144771,59.189614138815614,6.708017518775895,2.7623796565771284
875,245.48367415918352,3.051458425543384,2.4809696976470477,0.572961885670593,0.470293960377012,60.18891321333072,5.1580166294456555,9.040307268110523
876,507.111837180865,3.064264685243936,1.602345213536116,0.20519381117795477,2.473280451914691,50.982549021790156,6.787398426248996,6.522890083534607
877,176.1310474136926,2.770586909638697,1.575522255728354,0.3413790661984561,2.3168174058398168,62.41569760374129,1.6062170198298822,4.833694625014626
878,282.26035382230094,2.8235288325637633,1.8442490740490636,0.36965400535978404,1.1682025867548826,52.899565971589894,2.1653906831127365,1.5477242719984037
879,247.87481777509203,2.6023963847923,2.8042213588443228,0.44574191783478245,6.380477914484525,36.924655766467865,5.371873797517688,6.803664265911692
880,420.34100829888314,2.7340316036510144,2.324699612111575,0.3298240899255619,1.6749187827687437,47.02587924928518,10.274208082186473,1.7422980321476416
881,611.9492837568632,2.999639858590061,0.2737973971929777,0.1697069302969916,0.23812767877308147,52.03599563880653,6.682041980270153,1.6249164924336366
882,174.23327572485715,3.097249537157677,0.3913284778828836,0.5634015339795546,3.4356639433411016,63.9338759096277,6.821611969232736,3.4953480407364257
883,180.16377281740785,2.669759782843454,1.9051634526607744,0.010196305733309296,2.905534514650533,53.3742626665873,1.7789705132982485,1.0934233482708196
884,399.6945291239741,2.7660424747525085,2.969715216571502,0.24975737013497698,3.1471584766703615,41.42824093018623,6.267215248495765,7.982510039924753
885,347.8366417746628,2.8509512500816037,0.23547621220728487,0.28196937401071487,0.6895606576509632,64.49256958921482,1.4535522535946077,2.1747699617254246
886,514.57689227738,2.8969362874483835,2.012298454366319,0.40258254268631727,1.9567964103506372,55.71133768621899,10.303272073880631,2.5071489102486932
887,333.8134585445413,2.7334715856371954,1.9857807740005287,0.19538293948857569,1.6533376093373224,73.18510588379992,1.9642180719098796,1.6276821155993213
888,198.79401577701265,2.918521270295056,3.9003664087263976,0.39933212326921586,1.4521230937718004,51.30916203428324,2.6105581445049135,2.192103775550978
889,334.7763597162607,2.783836211564805,2.127006818805086,0.32099579652469723,4.060868800712432,34.44006929345421,0.580773070806158,6.980617730932572
890,408.9336433413446,2.8527442729937005,2.8950176152588782,0.39945070041779657,1.6926142308699033,67.6546904532273,5.257448958669184,1.596335965047174
891,367.67552609742484,2.9368547508259972,2.653285770605413,0.4488438519283061,1.2019460153436696,41.348150548051215,5.131374943589325,3.5859231010578037
892,322.84062277062037,2.855875454097083,0.3814621507107492,0.37861394276732835,1.1920957585680907,54.43136190501143,9.539723243530139,2.513020606745572
893,402.9173207645026,2.789454230046457,3.280235847149687,0.4650848299745363,0.6412289131551087,52.78575034053447,7.329244755915292,2.110267658583117
894,417.6072264003826,2.838470643036568,2.727425135974238,0.34548953893602097,1.8195032920168213,50.68443994981796,2.6276998602348502,2.170105807688815
895,448.0780490293795,2.841657669744642,3.0202972701925392,0.164556678652816,4.271851676430968,47.452700417342015,7.620186609251849,5.96517080916927
896,343.0867847894128,2.7994104591431235,6.4382663369542765,0.1366464192248491,1.2833031829844477,25.21783802166775,1.2694529830277235,1.4686885077489895
897,226.30320791929344,2.816092704225377,0.42791569101936133,0.36716886306510804,2.038345883014498,34.96844113054354,2.8449408835080714,2.874330104839978
898,271.22738029181403,3.0947091892011502,4.2367252802790585,0.1466526371833348,1.4341598969318878,66.83198483345714,5.355378646217661,1.748890451374836
899,422.9342209813176,2.9390500308166283,2.2245811111175944,0.03959656491633954,1.5576712493067435,56.4320107666139,1.604340864402205,3.351332066053958
900,133.28356954339029,2.8105900659210685,2.799357534920959,0.5967975038025918,2.9965896088262682,78.63945575939695,8.193976551224427,4.702620468219505
901,303.0003025854097,2.959455274302053,2.466516385216708,0.6429565418317447,0.6333322098491411,34.43442766948287,11.837938504544066,4.733096931108778
902,193.92031926427796,2.804839190162041,2.0877922971199063,0.14532007470929792,0.39477498643278347,49.540158419713435,4.116433727562089,1.142234940401266
903,254.3404551303598,3.0308808092634387,1.9421957022791911,0.2151998557400064,3.4392194538314786,67.44790278442065,3.044939243926391,5.547349381510686
904,433.23265284114905,2.9103584424551565,2.841537366090959,0.16813499932082843,1.0697410937824678,41.51264734469483,4.611231167977864,2.9878432605308958
905,277.58102815182474,2.838816792024808,0.9948549338462707,0.35865151241403903,1.2136725570807598,42.7194943383362,3.327883014463984,6.004964841722544
906,256.872977958245,2.922069652496984,3.2626077980397152,0.16118621192947327,7.286358949483344,45.59990203041894,5.785191314581651,8.56326905021752
907,55.56596615642397,2.6192806908151676,2.0958342256326956,0.1980749629322979,2.8928474374728803,43.31978307505174,1.0327865578915216,3.541263277378936
908,357.04989970718265,2.6858969932889716,1.381959291477592,0.42307013488049805,0.7813537296907263,57.97696097720934,5.955519195804124,2.0388186344001586
909,342.6250335969851,2.675823362665584,2.062015772522136,0.10168847227389954,3.6046402790641707,23.296847452761085,10.735769715709475,4.709862586813369
910,559.8897998894445,2.8763535778399985,3.7691778473805226,0.3039864056944973,2.9400498410770917,74.6408886109695,-1.006427659721652,7.381643986342297
911,206.1680855310941,3.1147893635482062,1.9766935435017268,0.0932043709013969,0.023064233734303198,35.60505010166834,1.494057710179066,0.5485285252740429
912,281.5964904377639,3.189607135554337,2.87048224872757,0.13766859448242402,1.8702220753135583,18.242424680073256,3.664827968338241,1.7932547032336394
913,285.92431394814855,2.9506197788415562,1.7810723548024765,0.08085886008776844,0.663579860463495,49.84640903274163,6.625678461427718,7.071479073964554
914,476.0339006021659,2.930038784867111,3.2699504804415693,0.2637039916695148,1.5551607219271855,44.33898553919776,7.671146287295143,1.7467125724064791
915,236.58441226278183,2.5847534535025316,3.1975363693081538,0.2999989955419524,6.459657087671745,47.330303767510806,7.429803477502508,8.154653830295363
916,290.1668912347691,2.7735110436653394,4.360637463814362,0.02798350076654308,3.0850887439463834,54.68864863003346,-0.07510546778498295,1.526488405698983
917,337.24445964284575,2.7367445508392065,2.3364646850187345,0.2504144814476039,3.3761607914923126,59.67261934331338,2.976962520211102,2.0379239681034993
918,276.93830463443913,2.7617849738877753,3.1806834352758564,0.07901370765622755,1.4364536372701695,75.29977030501846,2.2990492756457472,1.236877013003917
919,186.31994129152412,2.829690540837724,2.6100961700568943,0.6539070556854912,3.3868745707333843,39.64788743676658,4.804403346950527,3.6031772568880336
920,278.0091709946672,2.7840985269708733,3.807900412380964,0.4509939487709603,0.897900782767489,61.6143658724654,5.054840257276464,1.868099749535427
921,403.913205209343,2.5580171420690743,1.7931962429092194,0.3320008315966244,1.8524328408957655,60.63404676603076,0.8923186595882671,1.5801104142182216
922,103.28281005821182,2.9670986520430724,3.257033943395231,0.46022285720393047,2.9870834364258387,10.388215466368933,3.6813369347427187,2.5988245745595804
923,269.2599619407652,2.6940006597644715,2.3173313344012683,0.22138573813787707,2.923897969705116,37.5020839619619,6.741555636787114,4.369669003544823
924,150.00530164564694,2.890799143242115,2.447840453409452,0.41973697615822614,0.42128906668388433,30.69529153578858,3.115007496231347,1.5488263254628951
925,421.29341822025197,3.1660245140879386,2.603781114966323,0.1423201089770203,5.553023051241317,56.71839287836886,4.39929999382992,5.148112612942355
926,32.185607109786076,2.717004424887479,2.764269026944627,0.2562395342290904,0.7518401617157656,55.06738873897983,10.090669458741921,2.0938086959145688
927,170.2175536684641,2.475368985213493,2.3957995873959916,0.12757284673255387,8.140820143795786,55.36891549977324,10.970088540557525,6.0351255228296745
928,304.2225753444062,2.812011480343426,2.7267418136884762,0.753457172358904,3.0492736952747683,45.41611598728376,-1.484083277876076,4.742137256726428
929,474.32626051016587,3.020056058875228,4.090146688080134,0.03826143912083909,2.869859954690755,46.92865161379768,5.341692715995438,1.7018415298265837
930,240.81373829642712,3.1486642317585316,3.497478316133168,0.08385604092061551,0.812128634623087,49.5712887258339,13.751098313625969,1.1871487930126783
931,170.75039383637,2.67047967445758,3.381183223014846,0.1472667855195153,1.1078655160984516,43.98330093105606,6.436540603497728,1.4477221408786933
932,519.508280327732,2.9294169971109207,2.056489104494079,0.5223169476065463,5.258934179615845,61.65773408157234,5.055470176841468,3.2307628501124825
933,42.94642027072874,2.7851155451084346,1.6227878022896256,0.24067820649124144,4.810713423689673,33.955045609813,8.938064535348946,2.3472652383412433
934,0.0,2.839019860479822,3.4673291887557025,0.16309698194543631,1.4684350001159316,38.27279204961765,5.654278419384998,1.2303782376497003
935,313.2125948489691,3.251563615677998,3.388075423047744,0.39366537538113805,1.3717611012566535,51.81978848384836,7.12741143653401,5.010385827044778
936,178.35800076495354,2.6294665643661697,3.984699306268932,0.7313887034077508,1.403999991973358,44.48106172782562,4.369086515023872,7.472229161133474
937,104.03898317279013,2.8929730628496286,1.9080480045487203,0.19802573757255126,3.6214585729454427,33.36827630884234,5.610531081244751,7.060345454619757
938,351.62502920480347,2.9250660893902576,2.2824799751576026,0.42426472247948044,3.384230338990247,57.9788798205328,6.2798920701266,6.665094464607675
939,285.1251268342612,3.0177800623663447,0.8725444679925156,0.45313610974004515,2.2197199279300235,41.41568941108547,7.596676297021956,3.112961001210995
940,169.47937400082026,2.8696095866460767,2.119557524457077,0.16137387275917656,1.866214681816445,37.32918543848139,3.704837953731742,2.59529938452083
941,66.95358386330147,2.901119694551058,3.508599141097397,0.08403141133803967,1.455207872592562,47.38430438894149,3.623302736627366,0.5754631057023365
942,375.11562845166696,2.7961648285121736,2.045533251289752,0.17318531122180753,7.721733888764432,36.601257537224036,-0.7824472826022815,8.075118097500438
943,343.3002589902211,2.8952811548122086,3.1525084257187737,0.3488472438861067,0.4716572159158341,49.48728006754266,3.838546832450528,7.776711614065375
944,236.02895327231312,2.803433272300831,2.3215255245201383,0.26933320198233174,1.2264083847176945,44.604517460400054,7.859106095293273,6.543811643862243
945,514.5668247718631,2.94814789710385,2.8360856587395102,0.2190969919273949,2.1089140076211805,42.3112984437986,6.389673368000403,1.634171397015776
946,97.0459581864555,2.799470563218897,1.3643372407022825,0.13844417239497292,0.3798591149222223,42.40499656203161,2.0097442927827034,2.924655482757227
947,31.850890607829427,2.9114771727107707,2.597238080151851,0.14654278243889482,1.046308417750171,64.93422746037866,-0.7115874253726009,1.844024870744038
948,151.1809339866765,2.8505226915726958,0.47910734038277347,0.3410801952659176,6.404895600290116,55.538261169165175,4.5727377947373045,3.7044884559272773
949,243.70019563256832,3.0238196512412676,2.325132472355965,0.22662661650385416,3.229974632329051,24.3620521072497,7.771333557931931,3.6531184742365013
950,285.0590980704792,2.8472030550871694,0.8815553868028096,0.248131863936149,1.0391577316796043,63.24479308192685,3.563305004570551,2.0183894851210336
951,215.6934190079734,2.58895724339441,3.7180231470647658,0.011288886856373222,1.012616074058441,57.74835567199753,0.6652324875626041,5.838151205058791
952,300.62149317742626,3.044200338732541,3.289435983282461,0.1796304257336534,0.4753264268876826,56.86272352767554,3.231478483086157,1.0750158305356408
953,71.07121250629217,2.71905226849605,2.978699612484031,0.5184896742641242,1.164880820346283,63.31866329377627,5.97847659174729,5.909361025824978
954,456.8967266533536,2.7568471628281195,4.03303485767733,0.49392221609647996,2.513844423767253,50.22545055366195,8.727311859577071,2.277415894786631
955,238.4659911439891,2.765562919518919,1.5631121096931127,0.46787091326335545,2.2115036147715896,59.30125522417935,4.229914915626836,7.697882586830436
956,410.16360093685375,3.061077827601065,4.2593918284335075,0.4445010010555506,1.2163343239571445,43.032920902154814,8.16467723765524,7.079255739833222
957,299.2859216228927,2.5345609815286383,3.4442201947783344,0.2792707649792415,0.7419359656625989,62.713704773137664,7.832126444447254,9.064274951659007
958,315.6087045741236,3.3255743936744415,2.2754733432990037,0.459735829054941,1.4398918401890635,53.27170332560835,1.470004527843539,1.6008867217121514
959,331.7863631106702,3.0133206349853503,3.647648777700894,0.1676482459134817,1.4148016920075124,29.345575183461598,8.752124354807455,8.53001401900838
960,314.3139859728009,2.8883979507448165,1.4057351181063156,0.49029515395421974,2.9456722046355064,65.54577451895815,5.885338301231427,2.6350127873815414
961,342.22974357720824,2.8466780135329994,1.6875144689902761,0.1905332437639825,1.982609197810251,48.06643026844423,1.3799508387673427,1.7283911559862164
962,440.4903168784358,2.897745224854091,1.9034389072782494,0.42833865643320157,1.7891311250907502,45.978159364732285,10.2824940198132,2.4006074653931333
963,278.3571874077421,2.9330804778823434,1.9830509224539346,0.38421558326519695,3.8411761687728716,43.35998809035144,4.62327323620975,8.439429170546305
964,351.71768992971926,2.951694451517951,1.455470987757697,0.2470388269276336,4.781203476117806,44.459545716076356,-0.830329456932752,3.0968701537121706
965,237.38028811608316,2.93825278352596,3.7351116976132746,0.027577931345271547,2.191948385386655,53.44452972610738,2.8812009562876724,7.905280610906205
966,456.37461279298395,2.86834921581373,2.253174230148118,0.5703076004290429,2.2318194749645457,35.18630007252047,2.1426372748543208,3.990775201544532
967,153.4019743719262,2.8253113505793435,2.8645335988748295,0.36290162650219815,1.5199285336998747,26.47080988276329,2.954780197655396,2.266731672118939
968,508.0254848034787,2.8322211210774157,1.9416772641042692,0.27197951974525986,0.8025028635463926,34.033016913505676,3.6644437635252594,5.0858723073993
969,244.4772086232621,2.8256758715725403,0.6914253299694326,0.32062222572817095,3.111240648749862,55.72576776260053,4.227832201145208,2.6147990939841206
970,45.41410782913883,3.024977628155502,2.7820859889093716,0.06848935279224207,2.701202608343126,47.57092780155108,4.114991874448592,5.847802339913271
971,268.5635131815389,2.943945621967572,0.5997736550981729,0.1451965604342744,1.6184847070448727,66.69789686865467,4.707544322068824,1.832466402290696
972,152.73500019017496,2.4138538184258005,2.443394584432481,0.48906939996118465,1.9871831266797955,49.02630900882468,6.762180159252663,3.8187664614093646
973,370.56157160933714,2.9532972301049067,1.1437135916851393,0.5707999278834134,3.6684253489342384,62.63769662354294,2.7606909223181555,3.413076695662099
974,156.80434577490058,2.884122542833259,4.4993046297487576,0.1221118822977808,4.093143707490706,39.60778087924862,8.543001593011837,2.2762827559805476
975,186.3557540760868,2.852105800158558,3.4233913526926716,0.31990659288970436,0.0984071031634991,43.47286685896671,1.3244495042849769,1.1272887489929222
976,0.0,2.7966343456621097,2.61778242178943,0.2864796801727,0.9811004256289824,50.14286236900411,6.8453565674762755,1.3426067939691866
977,185.47927942704013,3.0235290216233444,3.775735308172618,0.4254476061773757,1.6143984720844347,47.79534526929293,9.929813983057803,1.7076184332006366
978,0.0,2.997041082943871,1.665712653052214,0.211067729489257,0.640051570642101,46.39452452550941,4.467930354080272,1.423960259735968
979,23.494286834061484,2.738980463451901,3.055508009188043,0.41158605271605975,2.026490333139143,36.91828171237704,5.580396112964718,1.6153192598301644
980,359.07702162664333,2.9159699566941226,2.7118390642366634,0.4491558671991043,1.0260952172788034,26.216569312010762,2.096082828873585,2.671479545765956
981,362.71088795628884,2.7091636034442494,2.7760487118516197,0.26793124519078654,2.077465663655964,59.46524857982741,3.4646548276249183,2.965894959802359
982,311.1288154898954,2.6479693889071028,3.7843821306247176,0.41766802910529877,1.052751397879034,57.788905315365675,9.70303561164396,7.862938514758301
983,111.80567996210323,2.7609045299369477,3.244520733297752,0.150108946801192,1.0910916577958822,40.791961653894234,7.245446883150926,2.671307424986155
984,243.3959589649205,2.9842711344828565,2.800752293342973,0.47182917581289624,2.0657225200299223,55.68325681704254,6.255632960281918,4.540431373790092
985,249.7100173564121,2.9978808704318554,0.8571411942896536,0.08879666648103435,3.205976569787867,47.50330985795094,-0.8139236416496427,3.81183510570392
986,84.40892493468925,2.9318749266400363,1.551982335238486,0.4678561070838936,2.5907080405457097,66.59257627688496,2.850581296800246,2.3733015512433915
987,465.43312990581256,2.963676481652642,2.3893196969222257,0.4688915625596437,1.6250555036693763,30.31610610011947,10.216975430980558,3.279644346781996
988,375.81776059694585,2.9323388566926862,2.605401004794601,0.34844406917218707,0.26324395167110193,48.09910487655869,6.232495889372451,1.1108593737081462
989,218.59528462138863,2.7586898743419996,1.381824905844026,0.264080582240048,1.0689150030953847,46.901798983265834,6.6067861905321426,9.791030335723766
990,254.07434658489294,2.9197004953265338,4.923705306096371,0.1839016666596838,0.9722837191409277,52.416739382842664,5.511665461838318,3.6474266213093083
991,280.05514898347917,2.974973542409595,4.028422685771522,0.41065611985185674,2.818024182354872,73.057067163227,3.1610315331993624,2.468948796852986
992,0.0,2.968055813097479,3.1141469509104334,0.059614022899604026,1.8785672652984864,48.14424244792271,5.997624771369329,1.7957127498099332
993,214.84293438016607,3.033249119346639,2.5840654918016943,0.18162748643710225,1.9312343480857679,61.146982697873014,0.40935756253247035,1.4934220259070012
994,152.60150236795516,2.961157690705602,2.299819660616798,0.37457060797482544,0.8360520501748474,47.782756023863435,0.18363590288276654,1.4157057166651057
995,106.84650371825288,2.90762934475668,1.5601101704957143,0.1913520229422708,4.204721442758824,66.0636941506188,2.7941758418673333,2.4835757789403763
996,209.98696110374487,3.0154346493729065,2.5895091490368123,0.21214506472215292,1.9214497063722629,61.292724968004066,5.576492708099796,2.4447867671667334
997,507.5596969124209,2.8509339247380834,2.7697811706607003,0.2939671196096951,0.7916081309104456,45.00027508237994,0.2909806249145799,2.463413526497184
998,341.9606411544427,2.7226309159412847,1.2702680550363254,0.27749119186196053,0.8434769965387503,43.92048408794985,5.3811280760447,4.821185164314023
999,168.46297672212705,2.830452069033878,2.8462050477628473,0.08585787626857316,2.1336346764414564,57.30440959144518,2.0163222610055858,1.409590002363521
1000,332.18939451541723,2.743176716904475,2.356769581693201,0.23368255004054264,0.7647774879623486,40.16890940593088,2.420523587636315,2.957457620428559
